player_name,player_id,year,yearhidden,player_age,ab,pa,hit,single,double,triple,home_run,strikeout,walk,k_percent,bb_percent,batting_avg,slg_percent,on_base_percent,on_base_plus_slg,isolated_power,babip,xba,xslg,woba,xwoba,xobp,xiso,wobacon,xwobacon,bacon,xbacon,xbadiff,xslgdiff,wobadiff,exit_velocity_avg,launch_angle_avg,sweet_spot_percent,barrel,barrel_batted_rate,solidcontact_percent,flareburner_percent,poorlyunder_percent,poorlytopped_percent,poorlyweak_percent,hard_hit_percent,avg_best_speed,avg_hyper_speed,z_swing_percent,z_swing_miss_percent,oz_swing_percent,oz_swing_miss_percent,oz_contact_percent,out_zone_swing_miss,out_zone_swing,out_zone_percent,out_zone,meatball_swing_percent,meatball_percent,pitch_count_offspeed,pitch_count_fastball,pitch_count_breaking,pitch_count,iz_contact_percent,in_zone_swing_miss,in_zone_swing,in_zone_percent,in_zone,edge_percent,edge,whiff_percent,swing_percent,pull_percent,straightaway_percent,opposite_percent,batted_ball,f_strike_percent,groundballs_percent,groundballs,flyballs_percent,flyballs,linedrives_percent,linedrives,popups_percent,popups,avg_swing_length,avg_swing_speed,blasts_contact,blasts_swing,squared_up_contact,squared_up_swing,swords,fast_swing_rate,attack_angle,attack_direction,ideal_angle_rate,vertical_swing_path,b_total_pa,b_rbi,b_lob,b_total_bases,r_total_caught_stealing,r_total_stolen_base,b_ab_scoring,b_ball,b_called_strike,b_catcher_interf,b_foul,b_foul_tip,b_game,b_gnd_into_dp,b_gnd_into_tp,b_gnd_rule_double,b_hit_by_pitch,b_hit_ground,b_hit_fly,b_hit_into_play,b_hit_line_drive,b_hit_popup,b_out_fly,b_out_ground,b_out_line_drive,b_out_popup,b_intent_ball,b_intent_walk,b_interference,b_pinch_hit,b_pinch_run,b_pitchout,b_played_dh,b_sac_bunt,b_sac_fly,b_swinging_strike,r_caught_stealing_2b,r_caught_stealing_3b,r_caught_stealing_home,r_defensive_indiff,r_interference,r_pickoff_1b,r_pickoff_2b,r_pickoff_3b,r_run,r_stolen_base_2b,r_stolen_base_3b,r_stolen_base_home,b_total_ball,b_total_sacrifices,b_total_strike,b_total_swinging_strike,b_total_pitches,r_stolen_base_pct,r_total_pickoff,b_reached_on_error,b_walkoff,b_reached_on_int,pop_2b_sba_count,pop_2b_sba,pop_2b_sb,pop_2b_cs,pop_3b_sba_count,pop_3b_sba,pop_3b_sb,pop_3b_cs,exchange_2b_3b_sba,maxeff_arm_2b_3b_sba,n_outs_above_average,n_fieldout_5stars,n_opp_5stars,n_5star_percent,n_fieldout_4stars,n_opp_4stars,n_4star_percent,n_fieldout_3stars,n_opp_3stars,n_3star_percent,n_opp_2stars,n_2star_percent,n_fieldout_2stars,n_1star_percent,n_fieldout_1stars,n_opp_1stars,rel_league_reaction_distance,rel_league_burst_distance,rel_league_routing_distance,rel_league_bootup_distance,f_bootup_distance,n_bolts,hp_to_1b,sprint_speed
"Winker, Jesse",608385,2022,2022,28,456,547,100,71,15,0,14,103,84,18.8,15.4,.219,.344,.344,0.688,0.125,.251,.249,.403,.313,.345,.369,.154,.311,.361,.281,.320,-0.030,-0.059,-0.032,87.7,16.8,32.0,27,7.6,3.1,26.1,31.5,28.1,3.4,34.3,98.674499266,93.339254492,68.1,14.2,18.8,40.3,59.7,85,211,50.2,1120,78.0,6.7,277,1303,540,2229,85.6,107,755,49.8,1109,44.3,988,19.9,43.3,36.5,37.4,26.1,356,54.3,38.8,138,28.9,103,22.5,80,9.8,35,,,,,,,,,,,,,547,53,185,157,0,0,98,881,333,0,416,12,136,8,0,2,4,29,23,356,48,0,80,109,30,35,0,1,0,4,0,0,17,0,3,174,0,0,0,0,0,0,0,0,51,0,0,0,930,3,1299,174,2229,,0,3,1,0,,,,,,,,,,,-9,0,22,0.0,0,7,0.0,1,8,12.5,12,66.7,8,100.0,25,25,-1.9,-2.4,0.9,-3.5,28.4,,4.67,25.6
"Varsho, Daulton",662139,2022,2022,25,531,592,125,72,23,3,27,145,46,24.5,7.8,.235,.443,.302,0.745,0.208,.269,.213,.389,.323,.298,.285,.175,.392,.355,.320,.294,.022,.054,.025,87.7,14.9,33.6,40,10.2,8.4,16.8,26.0,30.3,7.1,35.6,99.211725904,93.6867316,69.1,20.6,30.5,36.8,61.5,125,340,48.0,1114,78.1,6.9,370,1196,666,2321,78.2,172,834,52.0,1207,44.0,1022,25.3,50.6,50.9,32.1,17.0,393,62.8,42.7,168,29.8,117,19.6,77,7.9,31,,,,,,,,,,,,,592,74,181,235,6,16,99,723,369,1,468,25,151,8,0,1,7,39,37,393,48,1,80,129,28,29,0,0,0,2,0,0,15,2,5,257,6,0,0,4,0,2,0,0,79,15,1,0,778,7,1543,257,2321,,2,4,0,1,12,1.96,1.96,1.96,0,,,,0.68,78.9,17,6,21,28.6,6,7,85.7,19,22,86.4,14,85.7,12,100.0,21,21,1.2,2.3,0.2,3.7,37,,4.27,28.0
"Wisdom, Patrick",621550,2022,2022,30,469,534,97,44,28,0,25,183,53,34.3,9.9,.207,.426,.298,0.724,0.219,.274,.188,.380,.316,.295,.284,.191,.438,.399,.337,.311,.019,.046,.021,90.7,21,29.8,41,14.2,6.2,15.6,33.2,24.6,4.8,46.3,102.164032394,95.695873993,70.5,26.3,26.4,61.9,38.1,182,294,50.6,1114,83.6,8.0,196,1192,719,2233,73.7,202,768,49.4,1089,43.9,968,36.5,48.1,48.1,32.2,19.7,289,64.8,34.9,101,31.8,92,20.4,59,12.8,37,,,,,,,,,,,,,534,66,244,200,4,8,141,766,326,0,394,29,134,8,0,2,9,25,28,289,42,2,64,76,17,35,0,1,0,6,1,0,3,1,2,340,2,1,1,2,0,1,0,0,67,6,2,0,832,3,1401,340,2233,,1,1,0,0,,,,,,,,,,,-2,0,2,0.0,1,1,100.0,0,2,0.0,3,33.3,1,100.0,2,2,-0.7,-4,-0.7,-5.5,28,,4.5,27.8
"Guerrero Jr., Vladimir",665489,2022,2022,23,638,706,175,108,35,0,32,116,58,16.4,8.2,.274,.480,.339,0.819,0.206,.289,.281,.464,.351,.351,.345,.183,.391,.391,.333,.342,-0.007,.016,.000,92.8,4.3,27.9,59,11.2,6.8,20.2,17.1,41.6,2.1,50.4,105.507038582,97.328619789,71.5,16.2,30.5,41.4,58.6,174,420,53.0,1377,81.7,6.5,377,1394,646,2596,83.8,141,871,47.0,1219,42.1,1092,24.4,49.7,37.8,39.9,22.2,526,59.3,52.3,275,17.1,90,24.5,129,6.1,32,,,,,,,,,,,,,706,97,256,306,3,8,146,849,374,0,450,29,160,26,0,4,6,67,27,526,80,1,63,208,48,31,0,6,0,3,0,0,32,0,4,275,3,0,0,0,0,1,0,0,90,6,2,0,931,4,1665,275,2596,,1,5,3,0,,,,,,,,,,,,,,,,,,,,,,,,,,,,,,,,,4.56,26.7
"Mullins II, Cedric",656775,2022,2022,27,608,672,157,105,32,4,16,126,47,18.8,7.0,.258,.403,.318,0.721,0.145,.299,.232,.349,.315,.288,.297,.117,.355,.318,.322,.293,.026,.054,.027,88.8,17.4,29.3,24,4.9,5.9,23.0,32.4,28.7,4.5,37.3,98.895231356,93.569582691,71.2,16.7,29.9,36.4,63.0,129,354,48.1,1184,80.5,8.7,341,1477,529,2460,82.0,152,909,51.9,1276,43.7,1074,22.2,51.3,41.8,33.2,25.0,488,59.9,41.0,200,26.4,129,21.1,103,11.5,56,,,,,,,,,,,,,672,64,210,245,10,34,134,788,363,2,480,41,156,4,0,2,9,61,32,488,63,1,97,139,38,55,0,2,0,1,0,2,4,1,5,227,9,0,1,0,0,2,0,0,89,29,5,0,834,6,1626,227,2460,,2,5,1,2,,,,,,,,,,,10,4,36,11.1,6,11,54.5,14,16,87.5,34,88.2,30,96.4,27,28,-0.5,1,0.6,1.1,34.8,18,4.16,28.5
"Semien, Marcus",543760,2022,2022,31,657,724,163,101,31,5,26,120,53,16.6,7.3,.248,.429,.304,0.733,0.181,.263,.243,.394,.317,.306,.301,.151,.348,.333,.298,.295,.005,.035,.011,87.3,19.9,32.4,37,6.8,6.2,23.8,35.3,24.1,3.8,34.9,97.838624343,93.00847117,71.1,12.4,24.8,42.8,57.2,152,355,51.6,1432,84.2,7.1,286,1514,824,2776,87.6,118,955,48.4,1344,43.6,1211,20.6,47.2,43.5,34.0,22.5,547,60.8,33.6,184,34.0,186,21.8,119,10.6,58,,,,,,,,,,,,,724,83,218,282,8,25,132,976,434,0,493,21,161,7,0,0,4,47,39,547,76,1,147,137,40,57,0,0,0,1,0,0,0,0,10,242,7,1,0,0,0,2,1,0,101,21,4,0,1032,10,1744,242,2776,,3,12,0,0,,,,,,,,,,,,,,,,,,,,,,,,,,,,,,,,9,4.37,28.8
"Olson, Matt",621566,2022,2022,28,616,699,148,70,44,0,34,170,75,24.3,10.7,.240,.477,.325,0.802,0.237,.274,.248,.467,.344,.347,.334,.219,.417,.422,.329,.343,-0.008,.010,-0.003,92.9,16.1,33.8,61,13.6,7.6,22.0,27.6,27.1,2.0,50.9,103.665099911,96.545680491,73.9,23.3,28.5,41.4,58.4,183,442,53.6,1551,80.4,6.7,380,1621,788,2893,76.6,231,991,46.4,1341,41.6,1202,28.9,49.5,38.7,39.3,22.0,450,62.6,39.6,178,28.4,128,22.0,99,10.0,45,,,,,,,,,,,,,699,103,266,294,0,0,153,1013,373,0,567,45,162,13,0,2,4,38,41,450,69,0,87,140,27,45,0,6,0,0,0,0,0,0,4,360,0,0,0,2,0,0,0,0,86,0,0,0,1087,4,1806,360,2893,,0,1,0,0,,,,,,,,,,,,,,,,,,,,,,,,,,,,,,,,,4.65,26.3
"Chapman, Matt",656305,2022,2022,29,538,621,123,68,27,1,27,170,68,27.4,11.0,.229,.433,.324,0.757,0.204,.277,.234,.440,.331,.341,.331,.206,.407,.425,.330,.342,-0.005,-0.007,-0.010,92.2,19,34.0,48,12.9,8.8,24.1,28.7,22.5,2.7,51.2,102.906606237,96.223630699,64.2,24.0,19.2,44.7,55.3,113,253,50.0,1318,77.4,7.9,233,1623,634,2637,76.0,203,847,50.0,1319,43.5,1148,28.7,41.7,44.8,36.5,18.8,373,57.1,34.6,129,30.0,112,22.3,83,13.1,49,,,,,,,,,,,,,621,76,264,233,2,2,137,959,487,0,411,28,155,7,0,0,10,37,30,373,53,3,82,92,30,46,0,1,0,2,0,0,1,0,5,276,2,0,0,0,0,0,0,0,83,2,0,0,1050,5,1587,276,2637,,0,0,0,0,,,,,,,,,,,,,,,,,,,,,,,,,,,,,,,,,4.44,28.4
"Rengifo, Luis",650859,2022,2022,25,489,511,129,86,22,4,17,79,17,15.5,3.3,.264,.429,.294,0.723,0.165,.285,.254,.392,.314,.296,.285,.138,.355,.333,.315,.303,.010,.037,.018,86.9,9.9,31.1,22,5.4,4.9,23.1,23.8,37.7,5.1,33.6,98.09743639,93.096324743,77.3,14.1,34.9,37.5,62.5,121,323,50.9,925,87.7,7.2,351,885,523,1818,85.8,97,690,49.1,893,41.4,752,21.5,55.7,38.7,44.8,16.5,411,62.6,48.2,198,23.6,97,21.2,87,7.1,29,,,,,,,,,,,,,511,52,211,210,2,6,118,543,219,0,383,12,127,11,0,0,4,50,27,411,50,2,70,148,37,27,0,0,0,1,0,0,0,1,0,194,2,0,0,2,0,2,0,0,45,6,0,0,586,1,1232,194,1818,,2,1,0,0,,,,,,,,,,,,,,,,,,,,,,,,,,,,,,,,,4.31,27.9
"Rojas, Miguel",500743,2022,2022,33,471,507,111,84,19,2,6,61,26,12.0,5.1,.236,.323,.283,0.606,0.087,.258,.260,.343,.268,.289,.306,.083,.276,.301,.269,.298,-0.024,-0.020,-0.021,86.1,10.1,33.1,8,1.9,5.6,28.3,23.9,36.5,3.6,27.1,96.249960631,92.126001845,66.2,6.8,30.4,34.3,65.4,97,283,51.3,931,72.2,7.9,161,1049,527,1816,92.8,40,586,48.7,885,44.3,805,15.8,47.9,32.4,36.5,31.2,414,62.7,47.1,195,19.6,81,26.8,111,6.5,27,,,,,,,,,,,,,507,36,164,152,3,9,93,578,326,0,315,6,140,12,0,0,6,37,11,414,61,2,70,158,50,25,0,1,0,3,1,1,0,1,3,123,3,0,0,0,0,2,0,0,34,7,2,0,621,4,1195,123,1816,,2,7,0,0,,,,,,,,,,,,,,,,,,,,,,,,,,,,,,,,,4.61,26.4
"Nimmo, Brandon",607043,2022,2022,29,580,673,159,106,30,7,16,116,71,17.2,10.5,.274,.433,.367,0.800,0.159,.317,.256,.403,.353,.338,.353,.147,.377,.355,.340,.320,.018,.030,.015,89.4,6.1,28.1,33,7.0,3.6,25.1,19.8,38.5,5.5,39.8,100.251301732,94.354698482,64.8,13.7,21.2,38.6,61.4,110,285,48.3,1342,78.9,7.5,309,1803,595,2781,85.9,128,932,51.7,1439,43.4,1208,19.6,43.8,29.6,41.5,28.9,470,61.1,51.7,243,20.6,97,21.7,102,6.0,28,,,,,,,,,,,,,673,64,165,251,2,3,104,998,505,0,506,27,151,9,0,1,16,76,28,470,55,0,69,167,46,28,0,0,0,1,0,0,0,3,3,206,1,1,0,0,0,0,0,0,102,3,0,0,1059,6,1722,206,2781,,0,8,0,0,,,,,,,,,,,6,1,23,4.3,1,2,50.0,11,14,78.6,12,100.0,12,97.3,36,37,-1.3,0.3,0.6,-0.4,34.4,30,4.18,28.6
"Merrifield, Whit",593160,2022,2022,33,504,550,126,86,28,1,11,85,38,15.5,6.9,.250,.375,.298,0.673,0.125,.276,.240,.356,.294,.288,.292,.116,.318,.310,.295,.288,.010,.019,.006,87.1,15.1,37.9,18,4.2,7.3,23.0,29.5,30.9,4.9,31.1,96.383459857,92.27510481,71.4,13.8,29.8,33.1,65.9,98,296,49.3,994,78.8,8.4,181,1155,581,2017,85.6,101,730,50.7,1023,44.1,889,19.4,50.9,35.1,35.8,29.0,427,59.5,41.2,176,28.8,123,22.2,95,7.7,33,,,,,,,,,,,,,550,58,193,189,5,16,100,642,309,0,393,16,139,11,0,1,0,47,26,427,52,1,97,129,40,32,0,0,0,9,5,0,5,0,8,176,4,1,0,0,0,2,0,0,70,13,3,0,682,8,1335,176,2017,,2,1,0,0,,,,,,,,,,,1,0,11,0.0,2,10,20.0,5,5,100.0,11,90.9,10,100.0,12,12,-0.2,0,0.2,0.1,33.4,1,4.33,28.6
"Hernández, Teoscar",606192,2022,2022,29,499,535,133,72,35,1,25,152,34,28.4,6.4,.267,.491,.316,0.807,0.224,.335,.265,.501,.348,.351,.314,.236,.465,.470,.383,.380,.002,-0.010,-0.003,92.6,11.6,36.3,52,15.0,7.5,23.3,19.9,32.0,2.3,53.3,103.420419483,96.496717867,69.0,25.1,30.3,55.9,44.1,184,329,52.1,1085,80.1,7.3,211,1139,606,2082,74.9,173,688,47.9,997,40.8,850,35.1,48.8,38.6,34.9,26.5,347,59.6,44.4,154,25.6,89,24.8,86,5.2,18,,,,,,,,,,,,,535,77,226,245,3,6,119,679,331,0,313,28,131,18,0,1,2,39,34,347,60,0,55,115,26,18,0,0,0,2,0,0,10,0,0,313,3,0,0,0,0,1,1,0,71,5,1,0,734,0,1348,313,2082,,2,7,1,0,,,,,,,,,,,-3,2,19,10.5,0,5,0.0,6,13,46.2,20,85.0,17,100.0,26,26,-0.6,-0.5,0.8,-0.3,33,5,4.33,28.6
"Peña, Jeremy",665161,2022,2022,24,521,558,132,88,20,2,22,135,22,24.2,3.9,.253,.426,.289,0.715,0.173,.298,.252,.402,.309,.304,.289,.150,.388,.381,.338,.338,.001,.024,.005,88.1,8.7,32.9,38,9.7,5.4,25.0,19.9,33.7,5.9,36.7,99.803563646,93.99255276,75.3,15.3,37.8,54.7,45.3,222,406,53.5,1073,83.1,6.5,274,973,624,2004,83.6,107,701,46.5,931,41.0,821,29.7,55.2,42.6,33.2,24.2,392,68.5,47.7,187,22.4,88,25.3,99,4.6,18,,,,,,,,,,,,,558,63,199,222,2,11,110,581,260,3,378,15,136,5,0,1,6,46,23,392,63,0,65,141,35,18,0,0,0,0,1,0,0,1,5,290,2,0,0,2,0,0,0,0,72,11,0,0,637,6,1367,290,2004,,0,5,2,3,,,,,,,,,,,,,,,,,,,,,,,,,,,,,,,,38,4.28,29.4
"Yelich, Christian",592885,2022,2022,30,575,671,145,102,25,4,14,162,88,24.1,13.1,.252,.383,.355,0.738,0.131,.327,.258,.402,.328,.338,.360,.145,.379,.396,.349,.357,-0.006,-0.019,-0.010,91.5,3.6,30.3,34,8.2,6.7,25.5,13.2,43.3,3.1,48.6,102.984892126,96.020852446,65.4,14.8,23.2,51.5,48.5,172,334,52.5,1442,73.6,7.0,295,1646,720,2747,85.1,126,853,47.5,1305,41.6,1144,25.1,43.2,33.4,38.9,27.6,416,56.1,59.1,246,18.0,75,19.7,82,3.1,13,,,,,,,,,,,,,671,57,201,220,3,19,108,1030,468,0,472,28,154,9,0,1,5,66,23,416,56,0,52,180,26,13,0,5,0,2,1,0,36,1,2,253,2,1,0,1,0,0,0,0,99,18,1,0,1092,3,1655,253,2747,,0,3,0,0,,,,,,,,,,,-4,1,17,5.9,1,4,25.0,3,4,75.0,18,72.2,13,88.9,16,18,-1.5,-1.2,0.2,-2.6,29.8,8,4.37,28.1
"Swanson, Dansby",621020,2022,2022,28,640,696,177,119,32,1,25,182,49,26.1,7.0,.277,.447,.329,0.776,0.170,.348,.257,.461,.337,.337,.314,.204,.431,.430,.383,.360,.020,-0.014,.000,90.2,15.7,37.0,50,10.8,8.0,27.1,25.3,26.4,2.2,46.3,100.839209567,94.810341952,72.4,23.8,26.4,49.7,50.3,180,362,49.9,1373,84.2,8.0,287,1491,822,2751,76.2,237,997,50.1,1378,44.0,1211,30.7,49.4,38.7,36.4,24.9,462,67.5,38.3,177,29.4,136,26.8,124,5.4,25,,,,,,,,,,,,,696,96,222,286,7,18,137,908,410,0,480,32,162,12,0,3,3,54,42,462,80,1,94,123,41,24,0,0,0,0,0,2,0,0,4,376,7,0,0,0,0,1,0,0,99,14,4,0,982,4,1769,376,2751,,1,3,0,0,,,,,,,,,,,,,,,,,,,,,,,,,,,,,,,,9,4.33,28.4
"Profar, Jurickson",595777,2022,2022,29,575,658,140,87,36,2,15,103,73,15.7,11.1,.243,.391,.331,0.722,0.148,.272,.251,.359,.320,.315,.340,.108,.330,.323,.295,.306,-0.008,.032,.005,87.5,12.9,34.7,19,4.0,4.6,28.7,27.8,29.5,4.8,34.3,97.859468559,92.98708518,64.2,14.0,23.7,31.5,68.0,106,337,50.9,1419,76.0,6.3,460,1597,669,2790,85.5,123,880,49.1,1371,43.3,1207,18.8,43.6,42.1,32.6,25.3,478,59.4,44.8,214,22.8,109,25.7,123,6.7,32,,,,,,,,,,,,,658,58,212,225,1,5,127,1001,508,0,503,19,152,12,0,1,4,53,24,478,63,0,85,161,58,32,0,0,0,6,0,0,6,3,3,195,1,0,0,0,0,0,0,0,82,5,0,0,1065,6,1725,195,2790,,0,3,0,0,,,,,,,,,,,-4,1,29,3.4,1,6,16.7,5,11,45.5,15,93.3,14,92.3,24,26,0.6,-0.9,-0.4,-0.7,31.6,,4.47,26.6
"Bichette, Bo",666182,2022,2022,24,652,697,189,121,43,1,24,155,41,22.2,5.9,.290,.469,.333,0.802,0.179,.347,.274,.440,.347,.330,.318,.166,.426,.403,.379,.359,.016,.029,.017,91.9,8.5,33.3,48,9.6,7.2,27.1,17.2,35.5,2.4,50.3,102.743171296,96.003278846,77.6,14.8,35.2,40.3,59.7,183,454,51.1,1289,84.5,7.4,274,1489,614,2522,85.2,142,957,48.9,1233,42.6,1075,23.0,55.9,29.3,35.9,34.9,499,66.1,49.1,245,22.0,110,24.6,123,4.2,21,,,,,,,,,,,,,697,93,270,306,8,13,159,763,293,0,587,37,159,21,0,2,2,70,35,499,83,1,75,175,40,20,0,0,0,6,0,0,1,0,2,260,6,2,0,1,0,2,0,0,91,13,0,0,818,2,1704,260,2522,,2,6,0,0,,,,,,,,,,,,,,,,,,,,,,,,,,,,,,,,,4.5,27.5
"Drury, Brandon",592273,2022,2022,29,518,568,136,75,31,2,28,126,38,22.2,6.7,.263,.492,.320,0.812,0.229,.293,.242,.420,.350,.316,.303,.179,.421,.373,.343,.318,.021,.072,.034,89.1,13.8,34.8,41,10.4,7.3,22.0,25.5,29.3,4.8,42.2,100.586892132,94.438998321,62.5,14.2,30.1,35.8,64.2,124,346,51.2,1148,75.5,6.7,210,1305,636,2242,85.8,97,684,48.8,1094,41.1,922,21.5,45.9,44.7,32.1,23.2,396,60.7,40.9,162,28.3,112,24.0,95,6.8,27,,,,,,,,,,,,,568,87,203,255,3,2,110,741,413,0,413,27,138,8,0,0,8,38,33,396,63,2,79,124,31,25,0,0,0,3,1,0,26,0,4,181,3,0,0,0,0,0,0,0,87,2,0,0,799,4,1443,181,2242,,0,4,0,0,,,,,,,,,,,,,,,,,,,,,,,,,,,,,,,,,4.52,27.0
"Mateo, Jorge",622761,2022,2022,27,494,533,109,64,25,7,13,147,27,27.6,5.1,.221,.379,.267,0.646,0.158,.286,.222,.344,.281,.272,.269,.122,.362,.348,.312,.315,-0.001,.035,.009,86.8,14.8,35.5,21,6.0,5.7,21.6,29.5,30.7,6.3,32.7,98.63578407,93.337279593,72.6,20.3,36.6,50.8,48.4,191,376,51.8,1027,79.5,7.4,193,1043,606,1982,78.1,141,693,48.2,955,41.0,813,31.1,53.9,34.9,36.1,29.0,352,67.9,38.6,136,25.9,91,26.7,94,8.8,31,,,,,,,,,,,,,533,50,231,187,9,35,117,572,287,2,371,25,150,8,0,1,5,32,23,352,54,0,68,104,40,31,0,0,0,9,5,0,0,3,2,287,6,3,0,0,0,0,1,0,63,29,6,0,626,5,1356,287,1982,,1,3,1,2,,,,,,,,,,,,,,,,,,,,,,,,,,,,,,,,69,4.2,30.1
"Báez, Javier",595879,2022,2022,29,555,590,132,84,27,4,17,147,26,24.9,4.4,.238,.393,.278,0.671,0.155,.292,.226,.374,.291,.281,.268,.148,.365,.351,.321,.307,.012,.019,.010,87.9,9.6,29.7,33,8.0,4.9,20.9,21.9,40.1,2.9,38.0,99.689131182,93.890376232,67.9,22.3,47.5,49.1,50.9,289,589,59.2,1239,69.6,6.6,263,954,724,2092,77.7,129,579,40.8,853,39.8,832,35.8,55.8,39.9,34.8,25.3,411,66.2,50.6,208,22.9,94,20.4,84,6.1,25,,,,,,,,,,,,,590,67,231,218,2,9,125,587,283,0,339,25,144,13,0,2,6,54,27,411,51,0,67,154,30,25,0,1,0,4,0,0,10,0,3,362,2,0,0,0,0,2,0,0,64,7,2,0,641,3,1451,362,2092,,2,10,1,0,,,,,,,,,,,,,,,,,,,,,,,,,,,,,,,,,4.34,27.9
"Lowe, Nathaniel",663993,2022,2022,26,593,645,179,123,26,3,27,147,48,22.8,7.4,.302,.492,.358,0.850,0.190,.363,.275,.459,.368,.344,.333,.184,.453,.419,.401,.365,.027,.033,.024,90.2,8.2,34.1,44,9.9,5.2,28.0,18.4,35.0,3.4,44.8,101.963916216,95.317229707,74.0,17.9,29.2,43.6,56.1,156,358,48.6,1227,83.7,7.5,228,1599,622,2525,82.1,172,961,51.4,1298,44.5,1123,24.9,52.2,30.7,40.8,28.5,446,62.7,48.2,215,21.5,96,26.0,116,4.3,19,,,,,,,,,,,,,645,76,219,292,2,2,131,821,330,0,544,48,157,10,0,1,4,64,40,446,75,0,56,151,41,19,0,2,0,1,0,0,4,0,0,262,2,0,0,0,0,1,0,0,74,2,0,0,876,0,1649,262,2525,,1,5,1,0,,,,,,,,,,,,,,,,,,,,,,,,,,,,,,,,,4.39,27.1
"Hoskins, Rhys",656555,2022,2022,29,589,672,145,80,33,2,30,169,72,25.1,10.7,.246,.462,.332,0.794,0.216,.292,.239,.445,.345,.338,.327,.207,.419,.408,.342,.333,.007,.017,.007,90.1,18.1,37.3,47,11.1,5.9,25.5,30.0,24.8,2.6,44.3,100.842284953,94.804616643,60.7,17.2,23.2,47.8,52.2,161,337,50.2,1455,74.0,6.9,269,1646,845,2897,82.8,151,876,49.8,1442,43.9,1273,25.7,41.9,45.0,32.3,22.6,424,57.3,36.3,154,33.0,140,22.9,97,7.8,33,,,,,,,,,,,,,672,79,215,272,1,2,120,1081,546,1,477,23,156,12,0,1,6,34,44,424,67,0,96,120,29,33,0,0,0,4,0,0,4,0,4,278,1,0,0,2,0,3,0,0,81,2,0,0,1138,4,1759,278,2897,,3,3,1,1,,,,,,,,,,,,,,,,,,,,,,,,,,,,,,,,,4.73,25.9
"Hayes, Ke'Bryan",663647,2022,2022,25,505,560,123,89,24,3,7,122,48,21.8,8.6,.244,.345,.314,0.659,0.101,.307,.246,.350,.294,.300,.318,.104,.333,.341,.319,.324,-0.002,-0.005,-0.006,91,5.2,30.6,15,3.9,6.2,27.5,21.0,38.4,1.8,46.8,102.263213822,95.477046745,61.2,10.7,27.1,41.3,58.7,131,317,52.5,1170,69.9,7.0,205,1259,680,2227,89.3,69,647,47.5,1057,42.3,943,20.7,43.3,26.0,40.8,33.2,385,58.6,49.6,191,17.7,68,27.0,104,5.7,22,,,,,,,,,,,,,560,41,193,174,5,20,110,785,432,0,379,17,136,12,0,1,5,50,11,385,62,0,57,141,41,22,0,0,0,2,0,0,2,0,2,163,5,0,0,2,0,1,0,0,55,13,7,0,831,2,1396,163,2227,,1,6,0,0,,,,,,,,,,,,,,,,,,,,,,,,,,,,,,,,,4.41,27.9
"Cronenworth, Jake",630105,2022,2022,28,587,684,140,89,30,4,17,131,70,19.2,10.2,.239,.390,.332,0.722,0.151,.275,.221,.356,.318,.303,.319,.135,.341,.318,.302,.282,.018,.034,.015,87.6,18.2,32.3,26,5.6,6.9,20.0,37.1,25.2,4.7,34.1,97.917362826,93.091918039,60.0,11.3,21.6,38.3,61.3,105,274,47.5,1266,71.2,7.2,327,1708,561,2665,88.6,95,840,52.5,1399,43.3,1155,18.0,41.8,34.3,36.2,29.5,464,62.4,36.2,168,34.1,158,21.1,98,8.6,40,,,,,,,,,,,,,684,88,225,229,0,3,135,912,570,3,448,23,158,2,0,1,16,46,33,465,60,1,125,122,36,39,0,3,0,2,0,0,2,0,8,169,0,0,0,1,0,0,0,0,88,3,0,0,981,8,1684,169,2665,,0,5,1,3,,,,,,,,,,,,,,,,,,,,,,,,,,,,,,,,1,4.34,28.2
"McCutchen, Andrew",457705,2022,2022,35,515,580,122,80,25,0,17,124,57,21.4,9.8,.237,.384,.316,0.700,0.147,.278,.252,.406,.309,.325,.329,.155,.348,.371,.309,.329,-0.015,-0.022,-0.016,89.1,13.2,36.2,34,8.6,5.8,24.1,26.3,31.9,3.0,40.0,99.92693269,94.143160838,68.5,16.8,20.8,49.0,51.0,119,243,49.4,1168,80.9,8.2,224,1381,653,2364,83.2,138,819,50.6,1196,44.5,1051,24.2,44.9,43.3,37.0,19.7,395,57.4,41.8,165,28.1,111,24.1,95,6.1,24,,,,,,,,,,,,,580,69,226,198,6,8,125,871,387,0,410,19,134,10,0,4,4,36,31,395,55,0,80,129,39,24,0,1,0,1,0,0,82,0,4,235,6,0,0,1,0,0,0,0,66,7,1,0,915,4,1449,235,2364,,0,2,1,0,,,,,,,,,,,0,0,6,0.0,1,1,100.0,1,5,20.0,6,100.0,6,100.0,9,9,-0.5,0,0.4,0,32.4,15,4.38,28.9
"Adames, Willy",642715,2022,2022,26,563,617,134,72,31,0,31,166,49,26.9,7.9,.238,.458,.298,0.756,0.220,.278,.238,.451,.325,.323,.299,.213,.416,.414,.334,.335,.000,.007,.002,88.9,18.9,36.4,52,13.0,6.5,22.2,29.2,25.2,4.0,43.6,100.099002736,94.300793591,71.2,20.1,29.8,46.0,54.0,177,385,52.3,1290,81.1,7.3,306,1347,696,2466,79.9,168,837,47.7,1176,42.7,1054,28.2,49.6,37.7,36.7,25.7,401,59.8,34.2,137,33.4,134,22.7,91,9.7,39,,,,,,,,,,,,,617,98,250,258,3,8,133,812,356,0,476,26,139,11,0,2,1,32,38,401,64,0,96,105,26,39,0,3,0,3,0,0,2,0,4,308,1,2,0,0,0,1,1,0,83,6,1,1,888,4,1578,308,2466,,2,3,1,0,,,,,,,,,,,,,,,,,,,,,,,,,,,,,,,,1,4.41,27.8
"Ramírez, José",608070,2022,2022,29,601,685,168,90,44,5,29,82,69,12.0,10.1,.280,.514,.355,0.869,0.234,.279,.255,.408,.363,.320,.337,.153,.385,.331,.318,.295,.025,.106,.043,87.7,20.7,33.7,35,6.6,6.4,22.3,37.3,21.8,5.3,36.9,98.871944811,93.503434175,66.4,9.7,28.7,26.7,73.1,112,420,53.4,1464,70.3,6.3,580,1397,659,2742,90.1,82,849,46.6,1278,43.8,1200,15.3,46.3,44.7,34.8,20.5,528,53.1,32.6,172,28.6,151,24.6,130,14.2,75,,,,,,,,,,,,,685,126,239,309,7,20,157,957,431,0,544,17,157,5,0,1,6,53,33,528,81,1,118,119,46,74,0,20,0,0,0,0,30,0,9,159,6,1,0,3,0,1,0,0,90,19,1,0,1042,9,1700,159,2742,,1,2,0,0,,,,,,,,,,,,,,,,,,,,,,,,,,,,,,,,6,4.22,28.5
"Farmer, Kyle",571657,2022,2022,31,526,583,134,94,25,1,14,99,33,17.0,5.7,.255,.386,.315,0.701,0.131,.286,.258,.380,.309,.311,.320,.122,.335,.339,.309,.317,-0.003,.006,-0.002,85.5,12.7,37.7,19,4.4,6.9,26.0,23.0,32.4,6.7,33.8,97.050252093,92.534027326,64.7,10.3,36.3,34.8,65.2,138,396,51.2,1090,71.9,7.9,173,1262,606,2145,89.7,69,671,48.8,1037,43.3,921,19.4,50.3,39.1,35.4,25.5,435,63.1,45.3,197,23.4,102,25.5,111,5.7,25,,,,,,,,,,,,,583,78,205,203,3,4,120,640,369,0,434,12,145,20,0,1,16,44,25,435,64,1,77,153,45,24,0,0,0,0,0,0,10,2,6,176,3,0,0,1,0,0,0,0,58,4,0,0,698,8,1447,176,2145,,0,3,0,0,,,,,,,,,,,,,,,,,,,,,,,,,,,,,,,,,4.57,26.7
"Freeman, Freddie",518692,2022,2022,32,612,708,199,129,47,2,21,102,84,14.4,11.9,.325,.511,.407,0.918,0.186,.359,.310,.535,.393,.400,.398,.225,.426,.436,.385,.372,.015,-0.024,-0.007,91.3,13.6,42.9,51,9.9,8.5,30.4,21.7,27.5,1.5,47.8,100.761588016,95.094269494,73.9,14.2,27.3,32.2,67.8,128,398,52.9,1457,88.2,6.8,432,1562,668,2755,85.8,136,959,47.1,1298,43.4,1196,19.5,49.3,34.6,35.0,30.4,517,59.8,38.9,201,28.4,147,29.8,154,2.9,15,,,,,,,,,,,,,708,100,207,313,3,13,151,971,337,0,576,30,159,6,0,2,5,59,39,517,101,0,108,142,48,15,0,12,0,1,0,0,0,0,7,226,3,0,0,0,0,2,0,0,117,13,0,0,1061,7,1694,226,2755,,2,6,0,0,,,,,,,,,,,,,,,,,,,,,,,,,,,,,,,,,4.48,26.9
"Kemp, Tony",643393,2022,2022,30,497,558,117,84,24,2,7,69,45,12.4,8.1,.235,.334,.307,0.641,0.099,.259,.219,.291,.287,.267,.294,.072,.284,.257,.271,.254,.016,.043,.020,84.4,15,33.9,7,1.6,4.1,23.6,30.0,33.0,7.3,14.9,93.050155144,90.545713639,68.4,9.4,29.4,22.7,76.3,68,300,49.8,1020,75.6,8.4,283,1242,463,2047,89.7,66,702,50.2,1027,44.3,906,13.4,48.9,39.0,38.1,22.9,436,60.2,43.3,189,24.3,106,22.9,100,9.4,41,,,,,,,,,,,,,558,46,139,166,1,11,91,661,345,0,423,17,147,5,0,1,8,40,17,436,56,4,89,149,42,37,0,0,1,12,0,0,2,5,3,110,1,0,0,0,0,2,0,0,61,11,0,0,700,8,1347,110,2047,,2,1,1,0,,,,,,,,,,,-2,0,6,0.0,0,3,0.0,0,4,0.0,13,92.3,12,100.0,12,12,-0.5,-2.3,-0.3,-3.1,30.1,,4.45,26.3
"Castellanos, Nick",592206,2022,2022,30,524,558,138,98,27,0,13,130,29,23.3,5.2,.263,.389,.305,0.694,0.126,.326,.250,.395,.304,.302,.293,.145,.373,.370,.348,.332,.013,-0.006,.002,87.5,14.6,36.9,26,6.6,6.1,26.5,27.5,28.8,4.0,35.1,98.393032843,93.293370431,76.8,20.2,39.6,52.5,47.5,229,436,53.3,1101,84.3,6.5,245,968,702,2066,79.8,150,741,46.7,965,42.7,883,32.2,57.0,35.6,32.1,32.3,396,68.8,42.9,170,28.5,113,22.0,87,6.6,26,,,,,,,,,,,,,558,62,209,204,1,7,130,597,227,0,402,26,136,15,0,0,3,46,29,396,63,0,84,124,23,26,0,0,0,5,0,0,12,0,2,335,1,0,0,2,0,1,0,0,56,6,1,0,662,2,1404,335,2066,,1,4,0,0,,,,,,,,,,,-8,0,29,0.0,1,7,14.3,4,12,33.3,22,77.3,17,88.9,16,18,-0.2,-1.8,-0.2,-2.3,31.4,,4.43,27.7
"Seager, Corey",608369,2022,2022,28,593,663,145,87,24,1,33,103,58,15.5,8.7,.245,.455,.317,0.772,0.210,.242,.283,.510,.331,.372,.354,.226,.358,.413,.293,.343,-0.038,-0.055,-0.041,91.1,13.6,38.4,52,10.5,9.9,24.2,25.1,28.1,1.8,45.5,101.598305628,95.219542252,80.7,14.9,30.5,54.8,45.2,198,361,52.2,1184,92.4,7.5,423,1048,673,2268,85.1,130,875,47.8,1084,42.9,972,26.5,54.5,39.6,35.6,24.8,495,65.1,40.2,199,30.3,150,25.9,128,3.6,18,,,,,,,,,,,,,663,83,209,270,0,3,113,768,205,0,413,19,151,14,0,2,7,29,40,495,76,0,110,170,51,18,0,7,0,2,0,1,7,0,5,296,0,0,0,0,0,0,0,0,91,2,1,0,827,5,1441,296,2268,,0,1,0,0,,,,,,,,,,,,,,,,,,,,,,,,,,,,,,,,,4.66,26.2
"Hays, Austin",669720,2022,2022,26,535,582,134,81,35,2,16,114,34,19.6,5.8,.250,.413,.306,0.719,0.163,.289,.240,.372,.314,.298,.298,.132,.359,.337,.316,.306,.010,.041,.016,87.7,11.3,32.3,22,5.2,7.1,23.3,25.5,35.1,3.3,37.7,98.997922429,93.543165976,67.7,12.3,36.2,41.9,57.8,166,396,53.3,1093,75.6,6.2,211,1115,606,2051,87.7,80,649,46.7,958,42.2,865,23.5,51.0,40.8,36.3,22.9,424,65.3,43.6,185,22.4,95,23.6,100,10.4,44,,,,,,,,,,,,,582,60,240,221,4,2,127,614,331,0,374,17,145,11,0,2,10,53,28,424,52,1,67,132,47,43,0,0,1,2,1,0,3,0,3,216,4,0,0,0,0,1,0,0,66,2,0,0,675,3,1376,216,2051,,1,7,0,0,,,,,,,,,,,-5,0,24,0.0,0,10,0.0,7,12,58.3,21,81.0,17,92.0,23,25,-0.7,-0.5,0.2,-0.9,32.1,,4.36,27.8
"Altuve, Jose",514888,2022,2022,32,527,604,158,91,39,0,28,87,66,14.4,10.9,.300,.533,.387,0.920,0.233,.315,.269,.440,.397,.354,.362,.171,.425,.367,.358,.323,.031,.093,.043,85.9,16.1,35.4,34,7.7,6.6,22.2,25.6,29.7,7.5,29.7,97.300246419,92.671072541,64.0,10.9,28.6,26.0,72.6,96,369,55.8,1288,67.6,7.9,307,1204,666,2308,88.4,71,653,44.2,1020,39.2,904,16.3,44.3,46.9,36.3,16.8,441,62.1,41.0,181,25.6,113,23.6,104,9.8,43,,,,,,,,,,,,,604,57,132,281,1,18,85,827,399,0,404,9,141,13,0,0,10,48,48,441,60,2,65,133,42,40,0,2,0,9,0,0,2,0,1,150,1,0,0,0,0,0,1,0,103,13,4,1,887,1,1421,150,2308,,1,3,0,0,,,,,,,,,,,,,,,,,,,,,,,,,,,,,,,,39,4.23,28.1
"Smith, Will",669257,2022,2022,27,508,578,132,79,26,3,24,96,56,16.6,9.7,.260,.465,.343,0.808,0.205,.276,.255,.470,.349,.349,.339,.216,.378,.379,.317,.312,.005,-0.005,.000,89.9,18.4,36.8,43,10.3,7.2,23.3,33.4,22.6,3.1,43.0,99.764565096,94.188464255,63.7,16.1,21.3,29.1,70.9,73,251,49.8,1181,73.3,8.2,219,1296,732,2373,83.9,122,759,50.2,1192,40.8,968,19.3,42.6,36.5,36.8,26.7,416,60.0,31.5,131,37.3,155,25.5,106,5.8,24,,,,,,,,,,,,,578,87,249,236,0,1,150,836,444,0,399,23,137,11,0,2,10,25,30,416,76,1,125,106,29,23,0,4,0,0,0,3,25,0,4,163,0,0,0,0,0,0,0,0,68,1,0,0,919,4,1454,163,2373,,0,4,1,0,32,1.93,1.94,1.88,2,1.51,1.51,,0.71,83.6,,,,,,,,,,,,,,,,,,,,,,,4.5,27.5
"Aguilar, Jesús",542583,2022,2022,32,464,507,109,74,19,0,16,119,28,23.5,5.5,.235,.379,.281,0.660,0.144,.278,.240,.393,.288,.298,.288,.153,.350,.364,.311,.321,-0.005,-0.014,-0.010,87.7,19.1,39.7,24,6.9,7.7,27.1,30.3,25.1,2.6,36.0,98.459753543,93.301003066,64.7,17.7,36.3,41.4,58.1,168,406,53.8,1117,67.7,6.4,174,1165,649,2078,82.2,110,622,46.2,961,43.0,893,27.0,49.5,36.3,39.1,24.6,350,60.9,32.9,115,30.9,108,26.9,94,9.7,34,,,,,,,,,,,,,507,51,179,176,0,1,95,632,360,6,397,20,129,8,0,1,4,29,21,353,59,0,87,85,34,34,0,1,0,4,0,1,60,0,5,239,0,0,0,1,0,0,0,0,39,1,0,0,690,5,1388,239,2078,,0,3,1,6,,,,,,,,,,,,,,,,,,,,,,,,,,,,,,,,,5.01,24.0
"García, Adolis",666969,2022,2022,29,605,657,151,85,34,5,27,183,40,27.9,6.1,.250,.456,.300,0.756,0.206,.309,.244,.447,.324,.322,.296,.204,.425,.422,.353,.347,.006,.009,.002,92.1,13.2,36.9,55,12.9,9.3,22.9,22.9,28.7,2.8,47.4,102.368780141,95.786867388,73.5,26.6,37.3,44.6,55.4,233,523,55.3,1402,76.0,6.6,262,1508,651,2537,73.4,222,834,44.7,1135,41.1,1043,33.5,53.5,39.3,37.9,22.9,428,62.9,41.1,176,25.0,107,24.5,105,9.3,40,,,,,,,,,,,,,657,101,265,276,6,25,156,791,326,0,474,28,156,9,0,2,6,57,32,428,61,1,75,119,43,38,0,2,0,1,0,0,21,0,6,405,4,2,0,2,0,1,1,0,88,23,2,0,854,6,1683,405,2537,,2,3,1,0,,,,,,,,,,,1,2,24,8.3,1,5,20.0,13,14,92.9,21,81.0,17,93.8,30,32,0.7,0.3,-0.2,0.8,33.7,12,4.35,27.9
"Walker, Christian",572233,2022,2022,31,583,667,141,78,25,2,36,131,69,19.6,10.3,.242,.477,.327,0.804,0.235,.248,.257,.484,.346,.359,.343,.227,.388,.407,.307,.331,-0.015,-0.007,-0.013,90,17,33.3,53,11.5,6.5,22.0,29.4,26.4,3.7,44.0,101.466371179,95.00141326,67.9,15.6,23.1,49.2,50.8,150,305,51.8,1318,79.8,7.8,265,1372,766,2543,84.4,130,832,48.2,1225,42.4,1079,24.6,44.7,38.8,37.0,24.2,459,61.4,39.2,180,30.9,142,21.4,98,8.5,39,,,,,,,,,,,,,667,94,259,278,2,2,152,914,403,0,398,19,160,15,0,0,8,42,46,459,53,0,96,138,41,38,0,2,0,2,0,0,11,0,7,251,2,0,0,0,0,1,0,0,84,1,0,1,1003,7,1540,251,2543,,1,5,1,0,,,,,,,,,,,,,,,,,,,,,,,,,,,,,,,,,4.64,26.6
"Donaldson, Josh",518626,2022,2022,36,478,546,106,63,28,0,15,148,54,27.1,9.9,.222,.374,.308,0.682,0.152,.283,.215,.370,.302,.299,.303,.154,.363,.360,.315,.309,.007,.004,.003,90.7,12,34.8,33,9.8,6.3,21.4,26.5,33.0,2.7,43.3,100.977600417,94.867949761,66.6,27.5,29.3,45.8,54.2,151,330,51.8,1125,78.1,6.3,267,1123,610,2176,72.5,192,698,48.2,1048,43.9,955,33.3,47.3,42.3,39.9,17.9,336,63.9,43.5,146,25.9,87,24.1,81,6.5,22,,,,,,,,,,,,,546,62,213,179,2,2,113,737,348,0,351,18,132,13,0,2,8,35,28,336,42,1,59,111,39,20,0,1,0,1,1,0,23,0,6,313,2,0,0,0,0,1,0,0,59,1,1,0,798,6,1378,313,2176,,1,7,4,0,,,,,,,,,,,,,,,,,,,,,,,,,,,,,,,,,4.58,25.7
"Muncy, Max",571970,2022,2022,31,464,565,91,47,22,1,21,141,90,25.0,15.9,.196,.384,.329,0.713,0.188,.227,.208,.417,.318,.339,.342,.209,.348,.383,.277,.299,-0.012,-0.033,-0.021,90.3,20.9,34.3,44,13.4,10.3,18.8,33.4,20.1,3.6,45.6,100.488456196,94.680756043,60.4,21.2,16.5,44.0,55.5,88,200,49.7,1210,69.4,8.9,345,1251,744,2436,78.4,157,740,50.3,1226,40.4,985,26.1,38.6,48.0,31.3,20.7,329,60.4,32.5,107,39.5,130,20.1,66,7.9,26,,,,,,,,,,,,,565,69,213,178,0,2,115,899,496,0,362,11,136,2,0,1,5,21,30,329,40,0,100,86,24,26,0,1,0,3,0,0,25,0,6,227,0,0,0,0,0,0,0,0,69,2,0,0,1000,6,1436,227,2436,,0,3,0,0,,,,,,,,,,,,,,,,,,,,,,,,,,,,,,,,,4.43,27.2
"Mancini III, Trey",641820,2022,2022,30,519,587,124,82,23,1,18,135,53,23.0,9.0,.239,.391,.319,0.710,0.152,.286,.245,.410,.312,.327,.328,.165,.361,.383,.319,.332,-0.006,-0.019,-0.015,89.5,12.7,39.6,38,9.8,10.3,23.7,23.4,30.6,2.1,40.4,100.078586134,94.256654381,67.3,18.7,30.1,45.5,54.5,168,369,51.7,1224,77.3,7.4,286,1249,698,2368,81.3,144,770,48.3,1144,42.4,1003,27.4,48.1,40.9,35.7,23.4,389,63.0,40.6,158,27.8,108,25.4,99,6.2,24,,,,,,,,,,,,,587,63,210,203,0,0,122,788,378,0,438,22,143,12,0,0,10,40,32,389,51,1,76,118,44,23,0,2,0,3,0,0,71,0,5,279,0,0,0,0,0,0,0,0,56,0,0,0,851,5,1517,279,2368,,0,6,1,0,,,,,,,,,,,-1,0,2,0.0,0,1,0.0,1,3,33.3,3,66.7,2,100.0,7,7,0,-2.5,0.1,-2.5,31.4,,4.76,25.6
"Acuña Jr., Ronald",660670,2022,2022,24,467,533,124,85,24,0,15,126,53,23.6,9.9,.266,.413,.351,0.764,0.147,.331,.272,.486,.335,.366,.358,.214,.397,.444,.360,.371,-0.006,-0.073,-0.031,91.2,10.8,32.8,44,12.8,6.1,21.8,20.3,32.3,5.8,49.7,103.759318129,96.440064282,73.5,19.4,24.3,40.1,59.9,110,274,52.1,1127,82.0,7.7,265,1279,556,2162,80.6,148,761,47.9,1035,42.7,923,24.9,47.9,40.4,39.5,20.1,344,60.8,47.7,164,24.7,85,21.2,73,6.4,22,,,,,,,,,,,,,533,50,147,193,11,29,82,776,300,0,433,19,119,8,0,1,10,44,25,344,55,0,60,120,18,22,0,4,0,1,0,0,27,0,3,226,10,0,1,0,0,1,0,0,71,27,2,0,827,3,1335,226,2162,,1,4,0,0,,,,,,,,,,,-7,0,10,0.0,1,4,25.0,0,3,0.0,19,57.9,11,85.7,12,14,-1.1,-1,0.8,-1.3,31.6,25,4.26,28.5
"Riley, Austin",663586,2022,2022,25,615,693,168,89,39,2,38,168,57,24.2,8.2,.273,.528,.349,0.877,0.255,.315,.271,.531,.377,.378,.349,.260,.465,.468,.373,.372,.002,-0.003,-0.001,92.5,12.9,37.7,71,15.7,8.4,20.2,22.8,29.7,2.9,50.8,104.398300222,96.785171533,75.3,18.7,30.1,47.7,52.3,200,419,52.6,1390,84.5,7.1,302,1479,755,2641,81.3,176,942,47.4,1251,41.4,1094,27.6,51.5,39.2,36.4,24.4,451,63.2,39.0,176,28.8,130,26.2,118,6.0,27,,,,,,,,,,,,,693,93,269,325,0,2,150,864,324,0,534,26,159,13,0,2,17,40,51,451,77,0,79,136,38,27,0,1,0,0,0,0,0,0,4,332,0,0,0,0,0,0,0,0,90,2,0,0,956,4,1685,332,2641,,0,3,2,0,,,,,,,,,,,,,,,,,,,,,,,,,,,,,,,,,4.5,27.8
"Rizzo, Anthony",519203,2022,2022,32,465,548,104,50,21,1,32,101,58,18.4,10.6,.224,.480,.338,0.818,0.256,.216,.238,.453,.352,.349,.350,.215,.379,.374,.284,.302,-0.014,.027,.003,89.4,19.3,33.9,40,10.9,7.7,21.3,31.7,23.8,4.4,40.8,99.612268626,94.102554011,64.1,14.9,29.6,38.3,61.3,125,326,52.3,1101,69.9,7.4,383,1150,458,2112,84.8,96,645,47.7,1006,42.2,890,22.8,46.1,45.9,30.9,23.2,366,57.2,33.3,122,35.0,128,21.6,79,10.1,37,,,,,,,,,,,,,548,75,223,223,5,6,110,712,355,0,383,15,130,13,0,0,23,22,38,366,44,0,90,100,35,37,0,6,0,1,0,0,9,0,2,193,3,2,0,1,0,0,0,0,77,3,3,0,783,2,1329,193,2112,,0,0,1,0,,,,,,,,,,,,,,,,,,,,,,,,,,,,,,,,,4.66,25.5
"Mountcastle, Ryan",663624,2022,2022,25,555,609,139,88,28,1,22,154,43,25.3,7.1,.250,.423,.305,0.728,0.173,.303,.277,.509,.316,.362,.332,.232,.393,.463,.341,.381,-0.027,-0.086,-0.046,91.3,15.9,39.5,61,15.0,4.7,27.0,24.3,26.5,1.7,46.3,101.941494208,95.335163391,79.1,22.0,37.8,42.9,57.1,210,490,55.5,1298,90.9,6.1,226,1253,710,2340,78.0,181,824,44.5,1042,41.2,965,29.8,56.2,32.1,37.5,30.4,408,63.3,37.3,152,32.1,131,25.7,105,4.9,20,,,,,,,,,,,,,609,85,237,235,1,4,140,726,241,0,515,29,145,12,0,3,4,38,34,408,67,0,97,114,36,20,0,1,1,1,0,1,21,0,7,352,1,0,0,0,0,0,0,0,62,3,1,0,785,7,1555,352,2340,,0,1,0,0,,,,,,,,,,,,,,,,,,,,,,,,,,,,,,,,,4.51,27.5
"Kim, Ha-Seong",673490,2022,2022,26,517,582,130,87,29,3,11,100,51,17.2,8.8,.251,.383,.325,0.708,0.132,.290,.250,.368,.313,.309,.324,.119,.335,.330,.309,.307,.001,.015,.004,86.7,16.1,34.0,18,4.2,6.1,24.8,28.5,29.5,6.1,32.4,97.647567656,92.869312734,60.4,14.1,24.9,32.3,66.7,91,282,48.1,1133,71.9,8.3,227,1396,650,2359,85.8,104,739,51.9,1223,43.0,1013,19.1,43.3,45.3,35.4,19.3,424,62.0,40.8,173,22.9,97,25.9,110,10.4,44,,,,,,,,,,,,,582,59,213,198,2,12,104,808,481,0,399,24,150,9,0,2,7,42,16,424,71,1,81,131,38,43,0,0,0,6,1,0,0,3,4,155,1,1,0,2,0,2,0,0,58,11,1,0,856,7,1503,155,2359,,2,4,0,0,,,,,,,,,,,,,,,,,,,,,,,,,,,,,,,,1,4.39,28.4
"Crawford, J.P.",641487,2022,2022,27,518,603,126,93,24,3,6,80,68,13.3,11.3,.243,.336,.339,0.675,0.093,.275,.255,.337,.306,.315,.353,.081,.293,.306,.284,.302,-0.012,-0.001,-0.009,85.1,8.9,32.4,9,2.0,4.7,24.3,24.3,37.3,6.5,29.7,96.663647706,92.35483867,61.9,9.2,20.5,29.6,68.4,75,253,49.8,1233,74.4,6.6,338,1495,557,2477,90.4,71,770,50.2,1244,43.6,1081,14.3,41.3,33.7,39.3,27.0,445,55.2,46.5,207,18.2,81,27.2,121,8.1,36,,,,,,,,,,,,,603,42,206,174,2,3,110,932,463,0,424,18,145,11,0,0,10,46,13,445,66,1,68,161,52,34,0,0,0,3,1,1,0,2,5,123,2,0,0,0,0,1,0,0,57,3,0,0,991,7,1486,123,2477,,1,3,1,0,,,,,,,,,,,,,,,,,,,,,,,,,,,,,,,,,4.44,26.9
"Alvarez, Yordan",670541,2022,2022,25,470,561,144,76,29,2,37,106,78,18.9,13.9,.306,.613,.406,1.019,0.307,.320,.326,.669,.427,.460,.427,.343,.495,.544,.388,.419,-0.020,-0.056,-0.033,95.2,12.3,40.7,78,21.0,7.5,23.2,18.1,29.1,0.8,59.8,105.676985081,98.195923324,63.7,12.6,24.8,47.3,52.7,139,294,54.0,1186,76.6,6.6,315,1261,541,2195,87.4,81,643,46.0,1009,40.9,898,23.5,42.7,39.1,38.8,22.1,371,54.4,39.9,148,30.5,113,27.0,100,2.7,10,,,,,,,,,,,,,561,97,215,288,1,1,118,836,363,0,346,21,135,12,0,1,6,28,44,371,72,0,69,120,26,10,0,9,0,3,0,0,77,0,7,180,0,0,1,0,0,0,0,0,95,0,0,1,895,7,1300,180,2195,,0,0,2,0,,,,,,,,,,,-6,0,7,0.0,1,2,50.0,1,2,50.0,11,54.5,6,75.0,9,12,-0.9,-2.8,0.4,-3.2,29.1,,4.52,26.6
"Straw, Myles",664702,2022,2022,27,535,596,118,93,22,3,0,87,54,14.6,9.1,.221,.273,.291,0.564,0.052,.261,.236,.301,.257,.275,.306,.065,.254,.278,.261,.281,-0.015,-0.028,-0.018,87,9.8,34.1,3,0.7,4.8,25.1,28.6,35.9,4.4,26.5,95.486124533,91.784236481,57.9,8.1,19.6,28.4,71.6,60,211,45.6,1075,69.3,9.2,126,1530,596,2360,91.6,60,742,54.4,1282,42.0,989,12.6,40.5,24.0,39.4,36.6,454,62.2,47.6,216,22.5,102,26.2,119,3.7,17,,,,,,,,,,,,,596,32,237,146,1,21,129,810,536,0,379,16,152,4,0,2,1,51,6,454,60,1,96,165,58,16,0,0,0,4,1,0,0,2,4,94,1,0,0,1,0,0,0,0,72,18,3,0,869,6,1491,94,2360,,0,4,0,0,,,,,,,,,,,14,3,30,10.0,6,11,54.5,12,17,70.6,33,100.0,33,100.0,25,25,0,0.2,-0.1,0.1,33.9,50,4.14,29.3
"Abreu, José",547989,2022,2022,35,601,679,183,128,40,0,15,110,62,16.2,9.1,.304,.446,.378,0.824,0.142,.350,.296,.486,.361,.373,.372,.190,.393,.410,.370,.361,.008,-0.040,-0.012,92.2,8,34.5,47,9.5,7.7,26.7,19.0,33.9,2.8,51.8,102.953606518,96.20270568,66.1,14.7,29.8,40.9,59.1,172,421,51.7,1411,73.0,8.1,228,1589,760,2730,85.3,128,870,48.3,1316,41.9,1142,23.2,47.3,34.5,39.2,26.3,495,57.7,47.7,236,24.0,119,25.1,124,3.2,16,,,,,,,,,,,,,679,75,260,268,0,0,153,898,454,0,497,31,157,19,0,2,12,65,27,495,90,1,92,171,34,15,0,2,0,2,0,0,29,0,4,249,0,0,0,0,0,0,0,0,85,0,0,0,984,4,1746,249,2730,,0,5,1,0,,,,,,,,,,,,,,,,,,,,,,,,,,,,,,,,,4.63,26.1
"Bogaerts, Xander",593428,2022,2022,29,557,631,171,118,38,0,15,118,57,18.7,9.0,.307,.456,.377,0.833,0.149,.362,.259,.383,.363,.323,.338,.124,.411,.354,.383,.328,.048,.073,.040,88.1,10.2,30.3,29,6.5,4.9,27.8,21.7,34.1,4.5,39.5,99.97943964,94.08380455,63.5,18.5,29.2,37.6,62.4,142,378,51.8,1296,67.4,7.5,283,1371,687,2500,81.5,141,764,48.2,1204,43.6,1090,24.8,45.7,37.2,37.4,25.3,446,60.8,46.6,208,21.1,94,25.8,115,6.5,29,,,,,,,,,,,,,631,73,245,254,2,8,153,805,465,0,413,19,150,14,0,1,10,72,28,446,71,0,66,136,42,29,0,2,1,5,0,0,4,0,7,254,1,1,0,0,0,0,0,0,84,3,5,0,893,7,1607,254,2500,,0,3,0,0,,,,,,,,,,,,,,,,,,,,,,,,,,,,,,,,1,4.31,27.9
"Kiner-Falefa, Isiah",643396,2022,2022,27,483,531,126,102,20,0,4,72,35,13.6,6.6,.261,.327,.314,0.641,0.066,.296,.262,.333,.285,.290,.317,.071,.297,.304,.303,.306,-0.001,-0.006,-0.005,86.2,4.3,29.6,5,1.2,4.3,26.5,18.1,43.2,6.4,30.1,96.614692718,92.355143236,58.0,6.1,30.8,21.6,78.4,63,291,48.7,944,69.8,8.9,209,1155,471,1940,93.8,35,577,51.3,995,45.2,876,11.3,44.7,31.5,38.9,29.6,419,62.5,55.8,234,14.8,62,23.6,99,5.7,24,,,,,,,,,,,,,531,48,187,158,4,22,113,610,414,0,350,9,142,13,0,2,5,59,9,419,57,1,53,175,38,22,0,2,0,8,2,1,0,3,5,82,4,0,0,0,0,3,0,0,66,20,2,0,658,8,1282,82,1940,,3,4,0,0,,,,,,,,,,,,,,,,,,,,,,,,,,,,,,,,,4.27,28.4
"Betts, Mookie",605141,2022,2022,29,572,639,154,76,40,3,35,104,55,16.3,8.6,.269,.533,.340,0.873,0.264,.272,.254,.465,.373,.344,.327,.211,.413,.373,.326,.309,.015,.068,.029,90.5,18.6,36.2,46,9.7,8.7,22.7,31.8,22.7,3.8,44.9,99.954466043,94.497072751,66.9,8.3,22.2,40.5,59.5,111,274,50.9,1235,78.9,7.4,230,1474,638,2428,91.7,66,798,49.1,1193,43.5,1056,16.5,44.2,44.3,34.5,21.2,472,61.7,33.7,159,35.6,168,23.1,109,7.6,36,,,,,,,,,,,,,639,82,198,305,2,12,113,883,419,0,423,15,142,8,0,1,8,32,45,472,76,1,123,127,32,35,0,0,0,3,0,1,1,0,4,154,1,1,0,0,0,0,1,0,117,12,0,0,937,4,1491,154,2428,,1,6,2,0,,,,,,,,,,,3,0,17,0.0,3,5,60.0,13,20,65.0,27,92.6,25,94.4,17,18,0.2,0.8,0.2,1.3,34.5,,4.42,27.4
"Tucker, Kyle",663656,2022,2022,25,544,609,140,81,28,1,30,95,59,15.6,9.7,.257,.478,.330,0.808,0.221,.261,.262,.482,.348,.353,.336,.220,.378,.386,.310,.319,-0.005,-0.004,-0.005,90,19,34.4,46,10.2,10.2,21.7,30.2,25.3,2.2,42.4,100.332560357,94.468288036,80.2,13.4,26.1,39.7,60.0,119,300,50.8,1148,90.6,6.1,369,1216,565,2262,86.6,120,893,49.2,1114,43.3,979,20.0,52.7,41.9,34.8,23.3,451,61.1,34.4,155,37.7,170,22.0,99,6.0,27,,,,,,,,,,,,,609,107,246,260,4,25,145,784,215,3,502,16,150,11,0,1,1,27,51,451,62,0,119,128,35,27,0,4,0,1,0,0,3,0,2,214,2,1,1,0,0,0,0,0,71,22,3,0,854,2,1408,214,2262,,0,1,1,3,,,,,,,,,,,5,0,22,0.0,1,5,20.0,7,8,87.5,26,88.5,23,97.4,38,39,0.1,-0.8,0.2,-0.6,31.7,,4.5,26.7
"Ohtani, Shohei",660271,2022,2022,27,586,666,160,90,30,6,34,161,72,24.2,10.8,.273,.519,.356,0.875,0.246,.320,.275,.549,.370,.383,.358,.274,.461,.481,.374,.377,-0.002,-0.030,-0.013,92.9,12.1,35.0,72,16.8,5.6,24.5,19.9,29.9,3.0,49.8,103.823624272,96.520363788,72.1,23.1,28.4,39.8,60.2,150,377,52.2,1329,86.8,6.8,535,1318,580,2546,76.9,203,877,47.8,1217,44.6,1135,28.1,49.3,36.0,36.2,27.8,428,60.4,43.0,184,30.1,129,23.6,101,3.3,14,,,,,,,,,,,,,666,95,196,304,9,11,102,883,346,0,473,31,157,6,0,2,5,48,48,428,64,0,81,136,36,12,0,14,0,6,0,0,152,0,3,303,9,0,0,0,0,2,0,0,90,9,2,0,946,3,1600,303,2546,,2,4,0,0,,,,,,,,,,,,,,,,,,,,,,,,,,,,,,,,9,4.09,28.2
"Devers, Rafael",646240,2022,2022,25,555,614,164,94,42,1,27,114,50,18.6,8.1,.295,.521,.358,0.879,0.226,.329,.282,.497,.373,.361,.348,.215,.436,.420,.369,.355,.013,.024,.012,93.1,11.3,33.1,51,11.5,7.7,23.9,22.5,32.0,2.0,50.9,103.784239231,96.704402472,76.3,22.2,36.2,39.0,60.7,171,438,54.2,1209,88.0,7.4,394,1317,457,2232,77.7,173,781,45.8,1023,41.4,923,28.2,54.6,28.2,44.8,27.0,444,62.0,42.3,188,23.9,106,26.4,117,7.4,33,,,,,,,,,,,,,614,88,214,289,1,3,125,713,244,0,429,25,141,14,0,1,6,48,41,444,75,0,65,140,41,33,0,11,0,5,0,0,3,0,3,310,1,0,0,0,0,0,0,0,84,3,0,0,769,3,1463,310,2232,,0,5,0,0,,,,,,,,,,,,,,,,,,,,,,,,,,,,,,,,,4.56,25.6
"Goldschmidt, Paul",502671,2022,2022,34,561,651,178,102,41,0,35,141,79,21.7,12.1,.317,.578,.404,0.982,0.261,.368,.261,.482,.419,.367,.357,.221,.506,.426,.420,.348,.056,.096,.052,90.8,15.7,31.8,49,11.6,9.9,23.8,24.1,26.9,3.3,47.4,102.244608246,95.440152299,59.8,21.6,25.1,38.2,61.5,135,353,52.1,1406,66.5,6.7,227,1502,843,2701,78.4,167,774,47.9,1295,43.2,1168,26.8,41.7,36.3,36.3,27.4,424,60.0,40.8,173,28.8,122,22.9,97,7.5,32,,,,,,,,,,,,,651,115,215,324,0,7,117,966,529,2,400,32,151,7,0,2,5,54,48,425,74,2,74,119,22,30,0,1,0,9,0,0,23,0,4,259,0,0,0,1,0,0,0,0,106,6,1,0,1045,4,1656,259,2701,,0,5,1,2,,,,,,,,,,,,,,,,,,,,,,,,,,,,,,,,,4.61,26.3
"Voit III, Luke",572228,2022,2022,31,500,568,113,69,22,0,22,179,55,31.5,9.7,.226,.402,.308,0.710,0.176,.298,.222,.434,.311,.322,.306,.212,.411,.430,.346,.341,.004,-0.032,-0.011,89.8,18.4,34.6,48,14.7,8.3,23.2,27.2,21.4,5.2,44.3,101.411871585,94.98573844,78.1,27.5,30.6,58.6,41.4,221,377,54.9,1234,93.7,5.6,303,1137,692,2248,72.5,218,792,45.1,1014,42.3,951,37.6,52.0,46.2,33.6,20.2,327,65.3,34.9,114,34.9,114,24.8,81,5.5,18,,,,,,,,,,,,,568,69,224,201,1,1,126,779,231,0,403,15,135,9,0,1,7,22,32,327,59,0,82,92,21,18,0,1,0,0,0,0,96,0,6,418,0,1,0,0,0,0,1,0,55,1,0,0,848,6,1400,418,2248,,1,3,0,0,,,,,,,,,,,,,,,,,,,,,,,,,,,,,,,,,4.96,24.7
"Martinez, J.D.",502110,2022,2022,34,533,596,146,86,43,1,16,145,52,24.3,8.7,.274,.448,.341,0.789,0.174,.345,.260,.471,.343,.349,.330,.211,.420,.429,.372,.355,.014,-0.023,-0.006,89.1,14.1,42.0,49,12.5,8.9,23.2,24.2,27.5,3.6,41.7,100.92394699,94.707836352,74.9,21.0,31.9,48.6,51.4,198,407,53.4,1275,90.9,6.4,232,1363,659,2389,79.0,175,834,46.6,1114,41.6,993,30.1,51.9,31.6,38.9,29.5,393,63.0,38.2,150,30.8,121,26.7,105,4.3,17,,,,,,,,,,,,,596,62,272,239,0,0,156,777,288,1,475,22,139,20,0,2,5,36,38,393,71,1,83,114,32,16,0,1,0,4,0,0,139,0,5,330,0,0,0,0,0,0,0,0,76,0,0,0,860,5,1529,330,2389,,0,2,0,1,,,,,,,,,,,,,,,,,,,,,,,,,,,,,,,,,4.68,26.1
"Realmuto, J.T.",592663,2022,2022,31,504,562,139,86,26,5,22,119,41,21.2,7.3,.276,.478,.342,0.820,0.202,.318,.275,.463,.354,.351,.342,.188,.416,.412,.356,.357,.001,.015,.003,90.3,13.1,35.6,44,11.3,6.7,26.7,22.1,30.5,2.6,47.2,101.252893641,95.157569177,67.7,19.6,31.0,38.4,61.6,133,346,50.9,1116,80.9,7.2,203,1219,652,2193,80.4,143,729,49.1,1077,43.4,952,25.7,49.0,38.2,33.6,28.2,390,57.8,44.6,174,25.6,100,24.1,94,5.6,22,,,,,,,,,,,,,562,84,212,241,1,21,124,715,339,0,409,26,139,7,0,1,12,46,31,390,61,1,69,128,32,21,0,1,0,4,0,0,3,0,5,245,1,0,0,1,0,0,0,0,75,18,3,0,779,5,1414,245,2193,,0,4,0,0,44,1.82,1.82,1.83,1,1.4,1.4,,0.66,87.6,,,,,,,,,,,,,,,,,,,,,,5,4.35,28.7
"Renfroe, Hunter",592669,2022,2022,30,474,522,121,68,23,1,29,121,39,23.2,7.5,.255,.492,.315,0.807,0.237,.281,.240,.438,.347,.323,.303,.199,.424,.390,.340,.321,.015,.054,.024,90.5,17.7,32.7,39,10.9,6.4,21.8,30.4,27.1,3.4,43.6,101.645981292,95.173188394,66.2,18.8,31.8,41.7,58.3,144,345,53.6,1086,73.0,7.0,247,1062,624,2027,81.2,117,623,46.4,941,41.3,838,27.0,47.8,40.5,36.0,23.5,358,59.1,37.4,134,30.2,108,21.5,77,10.9,39,,,,,,,,,,,,,522,72,207,233,1,1,110,673,330,0,349,20,125,11,0,2,4,37,34,358,50,0,74,97,27,39,0,1,0,1,0,0,7,2,3,221,1,0,0,0,0,0,0,0,62,1,0,0,729,5,1298,221,2027,,0,0,1,0,,,,,,,,,,,-2,0,15,0.0,1,6,16.7,5,6,83.3,19,68.4,13,95.7,22,23,0.2,-0.9,-0.1,-0.8,32.1,,4.52,27.1
"Hoerner, Nico",663538,2022,2022,25,481,517,135,98,22,5,10,57,28,11.0,5.4,.281,.410,.327,0.737,0.129,.300,.270,.367,.320,.301,.318,.097,.336,.314,.317,.306,.011,.043,.019,87.2,10.6,32.4,11,2.6,4.7,26.3,24.2,35.9,4.0,33.5,97.678971875,92.920531108,65.1,7.3,33.8,27.0,72.0,84,311,50.9,919,68.9,7.5,246,915,563,1831,92.6,42,578,49.1,888,42.7,771,14.2,49.2,33.6,35.2,31.2,426,64.7,46.5,198,24.2,103,23.5,100,5.9,25,,,,,,,,,,,,,517,55,178,197,2,20,106,551,331,0,343,9,135,11,0,2,6,52,21,426,62,0,82,146,37,25,0,4,0,0,0,0,1,0,2,105,2,0,0,1,0,2,0,0,60,16,4,0,599,2,1232,105,1831,,2,4,0,0,,,,,,,,,,,,,,,,,,,,,,,,,,,,,,,,12,4.28,29.1
"Canha, Mark",592192,2022,2022,33,462,542,123,86,24,0,13,97,48,17.9,8.9,.266,.403,.367,0.770,0.137,.309,.245,.362,.343,.323,.351,.117,.361,.332,.333,.309,.021,.041,.020,87.7,10.9,32.2,18,4.9,6.8,23.6,24.9,35.2,4.1,36.6,98.317698315,93.261380654,61.0,18.4,24.3,31.8,68.2,85,267,49.5,1097,62.8,7.4,217,1274,595,2218,81.6,126,684,50.5,1121,42.9,952,22.2,42.9,39.3,32.0,28.7,369,63.6,46.1,170,24.7,91,23.3,86,6.0,22,,,,,,,,,,,,,542,61,218,186,1,3,120,716,464,0,371,18,140,3,0,0,28,47,21,369,55,0,70,123,30,22,0,1,0,3,3,0,3,0,4,186,1,0,0,3,0,0,0,0,71,3,0,0,803,4,1415,186,2218,,0,2,0,0,,,,,,,,,,,-1,0,22,0.0,1,4,25.0,6,10,60.0,21,81.0,17,94.1,16,17,-0.2,-0.5,0.2,-0.5,32.7,,4.46,27.5
"Soto, Juan",665742,2022,2022,23,524,664,127,73,25,2,27,96,135,14.5,20.3,.242,.452,.401,0.853,0.210,.249,.266,.501,.376,.401,.420,.235,.363,.402,.297,.326,-0.024,-0.049,-0.025,91,9.1,28.5,53,12.4,7.2,18.2,22.2,36.0,4.0,47.4,102.236934112,95.653888852,56.3,13.8,17.2,35.4,64.2,90,254,53.3,1474,72.8,6.7,496,1480,702,2765,86.0,100,727,46.7,1291,41.2,1140,19.4,35.5,33.6,42.1,24.3,428,53.9,47.4,203,27.1,116,19.2,82,6.3,27,,,,,,,,,,,,,664,62,203,237,2,6,103,1151,551,1,360,22,153,12,0,1,4,41,34,428,51,1,82,162,31,26,0,6,0,3,0,0,1,0,0,164,2,0,0,1,0,1,0,1,93,6,0,0,1233,0,1532,164,2765,,2,5,0,1,,,,,,,,,,,-15,1,24,4.2,0,7,0.0,3,15,20.0,35,82.9,29,92.6,25,27,0.4,-1.5,-0.2,-1.3,31.5,,4.39,26.6
"Gurriel Jr., Yuli",493329,2022,2022,38,545,584,132,84,40,0,8,73,30,12.5,5.1,.242,.360,.288,0.648,0.118,.266,.240,.319,.285,.271,.286,.079,.297,.280,.278,.276,.002,.041,.014,88.2,14.6,30.3,9,1.9,4.4,25.9,32.8,32.0,2.3,35.6,98.291200127,93.270425297,63.1,8.2,34.9,24.7,75.3,94,381,51.7,1093,75.0,6.6,232,1220,543,2116,91.8,53,646,48.3,1023,46.6,986,14.3,48.5,29.5,39.4,31.2,475,64.0,41.7,198,24.6,117,23.8,113,9.9,47,,,,,,,,,,,,,584,53,259,196,0,8,131,643,398,0,405,16,146,13,0,1,6,53,13,475,65,1,104,145,48,46,0,0,0,3,0,0,3,0,3,121,0,0,0,0,0,0,0,0,53,8,0,0,691,3,1425,121,2116,,0,3,0,0,,,,,,,,,,,,,,,,,,,,,,,,,,,,,,,,,4.44,26.9
"Suárez, Eugenio",553993,2022,2022,30,543,629,128,71,24,2,31,196,73,31.2,11.6,.236,.459,.332,0.791,0.223,.302,.220,.454,.344,.339,.321,.234,.456,.446,.364,.343,.016,.005,.005,89.8,19.9,36.4,52,14.8,7.4,20.5,29.0,24.4,3.7,43.5,100.691818466,94.681885812,63.6,24.0,21.5,58.1,41.9,169,291,51.7,1352,74.0,7.9,244,1478,735,2617,76.0,193,804,48.3,1265,41.8,1095,33.1,41.8,44.3,31.3,24.4,352,60.9,34.1,120,39.2,138,20.7,73,6.0,21,,,,,,,,,,,,,629,87,221,249,0,0,121,966,484,0,381,24,150,12,0,2,8,31,46,352,50,1,92,89,22,20,0,0,0,0,0,0,19,0,5,317,0,0,0,0,0,0,1,0,76,0,0,0,1038,5,1579,317,2617,,1,2,2,0,,,,,,,,,,,,,,,,,,,,,,,,,,,,,,,,,4.81,25.9
"Urshela, Gio",570482,2022,2022,30,501,551,143,100,27,3,13,96,41,17.4,7.4,.285,.429,.338,0.767,0.144,.326,.268,.416,.332,.323,.324,.148,.374,.362,.347,.329,.017,.013,.009,88.9,11.8,38.6,29,7.0,6.6,26.9,24.5,31.1,2.9,37.6,99.120552402,93.736875907,71.2,15.2,36.1,32.8,67.2,123,375,51.5,1039,80.4,7.8,213,1098,620,2017,84.8,106,696,48.5,978,42.3,854,21.4,53.1,33.3,39.8,26.9,412,64.9,41.7,172,23.8,98,30.1,124,4.4,18,,,,,,,,,,,,,551,64,227,215,0,1,126,597,294,0,430,26,144,21,0,2,2,51,24,412,68,0,74,121,54,18,0,2,0,4,0,0,4,0,7,188,0,0,0,0,0,0,2,0,61,1,0,0,652,7,1365,188,2017,,2,2,2,0,,,,,,,,,,,,,,,,,,,,,,,,,,,,,,,,,4.53,25.8
"Thomas, Lane",657041,2022,2022,26,498,548,120,75,26,2,17,132,41,24.1,7.5,.241,.404,.301,0.705,0.163,.291,.222,.357,.308,.286,.286,.135,.371,.339,.323,.302,.019,.047,.022,86.4,12.5,32.6,24,6.5,5.7,22.4,26.4,33.2,4.9,34.5,98.449522283,93.255458474,61.4,14.6,26.1,37.0,63.0,104,281,48.9,1077,76.0,7.6,192,1365,552,2204,85.4,101,692,51.1,1127,42.9,946,21.1,44.1,41.8,34.8,23.5,371,59.5,45.3,168,21.3,79,21.0,78,12.4,46,,,,,,,,,,,,,548,52,210,201,4,8,119,743,449,0,397,18,146,8,0,2,4,46,25,371,47,2,54,122,29,44,0,0,0,0,1,0,1,0,5,173,3,1,0,0,0,0,0,0,62,8,0,0,782,5,1422,173,2204,,0,5,0,0,,,,,,,,,,,-3,0,21,0.0,0,3,0.0,3,9,33.3,22,86.4,19,93.5,29,31,-0.8,-0.7,0.1,-1.4,32.4,39,4.38,29.4
"Vaughn, Andrew",683734,2022,2022,24,510,555,138,92,28,1,17,96,31,17.3,5.6,.271,.429,.321,0.750,0.158,.301,.255,.415,.327,.319,.311,.160,.366,.357,.329,.316,.016,.014,.008,90.8,7.5,34.1,33,7.9,10.0,22.4,17.9,37.2,2.9,48.6,101.162950291,95.12858284,61.4,12.2,32.8,37.3,62.7,128,343,50.2,1047,66.0,6.8,196,1104,617,2087,87.8,78,637,49.8,1038,43.9,915,21.0,47.0,31.0,39.4,29.6,419,62.0,48.0,201,22.2,93,25.1,105,4.8,20,,,,,,,,,,,,,555,76,189,219,0,0,109,636,420,0,356,17,134,13,0,4,9,49,27,419,62,0,66,152,40,20,0,0,0,0,1,0,29,0,5,173,0,0,0,0,0,0,0,0,60,0,0,0,686,5,1401,173,2087,,0,4,0,0,,,,,,,,,,,-18,0,15,0.0,0,8,0.0,1,5,20.0,12,33.3,4,88.2,15,17,-1.5,-2.9,0.3,-4.1,28.7,,4.71,26.2
"Rojas, Josh",668942,2022,2022,28,443,510,119,84,25,1,9,98,55,19.2,10.8,.269,.391,.349,0.740,0.122,.323,.239,.361,.326,.305,.324,.123,.360,.330,.340,.304,.030,.030,.021,88.8,11.9,33.5,16,4.5,4.8,27.3,26.5,31.3,5.4,36.1,98.050444128,93.265048338,62.5,16.3,19.9,40.7,58.3,83,204,50.4,1025,78.1,7.4,302,1128,518,2033,83.5,103,630,49.6,1008,42.9,872,22.3,41.0,32.7,36.1,31.3,355,58.4,43.9,156,26.2,93,26.2,93,3.7,13,,,,,,,,,,,,,510,56,156,173,3,23,95,754,389,0,290,16,125,7,0,2,2,41,18,355,60,0,75,115,32,13,0,2,0,5,0,0,5,5,5,163,3,0,0,1,0,1,0,0,66,20,3,0,810,10,1223,163,2033,,1,1,0,0,,,,,,,,,,,,,,,,,,,,,,,,,,,,,,,,,4.37,27.3
"Ward, Taylor",621493,2022,2022,28,495,564,139,92,22,2,23,120,60,21.3,10.6,.281,.473,.360,0.833,0.192,.325,.268,.474,.362,.361,.352,.206,.421,.420,.366,.354,.013,-0.001,.001,90,15.8,41.8,47,12.4,7.4,26.3,25.3,25.0,3.4,42.9,100.184571947,94.439550026,62.3,16.1,20.6,41.1,58.9,97,236,49.9,1147,78.9,7.0,199,1328,631,2297,83.9,115,716,50.1,1150,44.3,1018,22.3,41.4,38.4,36.1,25.5,380,58.7,35.5,135,31.3,119,27.1,103,6.1,23,,,,,,,,,,,,,564,65,185,234,3,5,96,839,451,0,360,21,135,5,0,1,4,41,35,380,63,0,84,94,38,23,0,0,0,1,0,0,2,0,5,177,2,1,0,1,0,1,0,0,73,4,1,0,894,5,1403,177,2297,,1,4,1,0,,,,,,,,,,,1,0,25,0.0,1,4,25.0,9,12,75.0,17,82.4,14,100.0,22,22,0.2,0.9,0.4,1.4,34.4,6,4.4,28.4
"Schoop, Jonathan",570731,2022,2022,30,481,510,97,62,23,1,11,107,19,21.0,3.7,.202,.322,.239,0.561,0.120,.234,.228,.338,.245,.268,.267,.111,.286,.318,.257,.294,-0.026,-0.016,-0.023,87,9.7,29.1,18,4.8,6.6,22.0,23.8,36.8,5.0,38.6,99.967628556,93.993791257,75.2,18.8,36.8,46.6,53.4,157,337,51.3,917,76.6,6.9,170,983,550,1789,81.3,123,656,48.7,872,41.5,743,28.2,55.5,37.0,39.9,23.0,378,64.4,45.2,171,20.6,78,24.3,92,9.8,37,,,,,,,,,,,,,510,38,221,155,0,5,100,507,240,0,335,30,131,15,0,3,6,31,18,378,48,0,60,140,42,37,0,1,0,1,0,0,1,0,4,241,0,0,0,0,0,0,0,0,48,5,0,0,556,4,1233,241,1789,,0,1,0,0,,,,,,,,,,,,,,,,,,,,,,,,,,,,,,,,,4.61,27.0
"Escobar, Eduardo",500871,2022,2022,33,495,542,119,69,26,4,20,129,40,23.8,7.4,.240,.430,.295,0.725,0.190,.281,.243,.427,.311,.314,.300,.183,.381,.385,.320,.326,-0.003,.003,-0.003,88.3,20.6,38.7,35,9.4,8.9,23.7,33.3,21.0,3.5,37.6,99.290072903,93.799689784,73.5,20.7,34.0,40.9,59.1,155,379,53.4,1115,76.7,6.2,319,1211,470,2089,79.3,148,716,46.6,974,41.9,875,27.7,52.4,40.6,37.9,21.5,372,63.9,30.9,115,32.8,122,26.9,100,9.4,35,,,,,,,,,,,,,542,69,267,213,2,0,138,655,303,0,420,33,136,4,0,0,1,25,30,372,63,1,92,90,36,34,0,3,0,1,1,0,6,0,6,249,2,0,0,1,0,0,0,0,58,0,0,0,691,6,1398,249,2089,,0,1,2,0,,,,,,,,,,,,,,,,,,,,,,,,,,,,,,,,,4.29,27.9
"Judge, Aaron",592450,2022,2022,30,570,696,177,87,28,0,62,175,111,25.1,15.9,.311,.686,.425,1.111,0.375,.340,.305,.706,.458,.463,.422,.401,.602,.611,.443,.437,.006,-0.020,-0.005,95.9,15,39.0,106,26.5,7.2,20.0,18.8,26.5,0.5,61.9,107.110072714,99.053359221,66.1,20.3,22.9,53.2,46.5,192,361,54.3,1576,77.4,6.9,456,1485,772,2906,79.7,178,878,45.7,1328,42.3,1228,29.8,42.7,47.3,31.5,21.3,400,58.8,37.0,148,38.3,153,22.3,89,2.5,10,,,,,,,,,,,,,696,131,210,391,3,16,104,1079,490,4,469,25,157,14,0,3,6,37,77,401,63,0,76,111,23,10,0,19,0,2,0,0,25,0,5,341,3,0,0,1,0,1,0,0,133,14,2,0,1176,5,1730,341,2906,,1,1,4,4,,,,,,,,,,,4,0,23,0.0,1,4,25.0,12,16,75.0,20,90.0,18,95.7,22,23,-0.5,-0.3,0.3,-0.5,33.2,,4.66,27.3
"Lindor, Francisco",596019,2022,2022,28,630,706,170,114,25,5,26,133,59,18.8,8.4,.270,.449,.339,0.788,0.179,.301,.254,.427,.342,.331,.326,.173,.385,.370,.337,.320,.016,.022,.011,89.3,13.8,29.2,42,8.3,6.2,22.4,26.8,32.3,3.8,41.3,99.740565418,94.14308743,68.1,14.4,29.9,40.0,59.8,180,450,53.2,1505,75.7,6.7,392,1591,762,2829,85.5,130,902,46.8,1324,43.3,1225,22.9,47.8,38.3,37.5,24.2,504,58.3,43.5,219,27.6,139,20.4,103,8.5,43,,,,,,,,,,,,,706,107,293,283,6,16,168,956,435,0,536,23,161,11,0,2,10,62,40,504,68,0,99,157,34,43,0,2,0,2,0,0,2,0,7,261,5,1,0,2,0,1,0,0,98,12,4,0,1042,7,1787,261,2829,,1,7,1,0,,,,,,,,,,,,,,,,,,,,,,,,,,,,,,,,,4.43,27.6
"Happ, Ian",664023,2022,2022,27,573,641,155,94,42,2,17,149,58,23.2,9.0,.271,.440,.342,0.782,0.169,.336,.239,.379,.339,.306,.315,.140,.408,.359,.362,.322,.032,.061,.033,89.7,10.9,29.2,28,6.5,6.5,24.1,23.8,35.3,2.8,40.4,100.312408396,94.405566288,71.8,20.5,26.6,44.6,55.4,153,343,50.6,1290,83.4,7.6,490,1404,585,2572,79.5,185,904,49.4,1259,45.0,1147,27.2,49.0,40.0,34.6,25.5,428,57.7,47.4,203,24.8,106,22.0,94,5.8,25,,,,,,,,,,,,,641,72,261,252,4,9,152,900,361,0,488,37,158,11,0,3,6,55,29,428,69,2,77,148,24,23,0,4,0,2,0,0,10,0,4,284,3,1,0,2,0,0,0,0,72,7,2,0,952,4,1620,284,2572,,0,5,0,0,,,,,,,,,,,2,1,26,3.8,4,7,57.1,11,14,78.6,34,88.2,30,100.0,28,28,1.4,-0.6,-1,-0.2,32.8,,4.32,27.9
"Rodgers, Brendan",663898,2022,2022,25,527,581,140,94,30,3,13,101,46,17.4,7.9,.266,.408,.325,0.733,0.142,.304,.265,.404,.321,.326,.330,.139,.354,.361,.325,.331,.001,.004,-0.005,90,4.6,31.3,31,7.2,5.6,26.2,17.9,39.0,3.5,45.9,101.127645047,94.882864603,72.1,15.4,27.2,41.6,58.4,121,291,50.6,1068,82.4,7.2,282,1225,526,2112,84.6,116,753,49.4,1044,41.8,883,22.7,49.4,27.4,38.5,34.1,431,61.1,52.0,224,19.7,85,25.5,110,2.8,12,,,,,,,,,,,,,581,63,242,215,0,0,130,693,317,0,376,22,137,25,0,0,3,57,25,431,57,1,60,167,49,11,0,0,0,0,0,0,2,0,5,202,0,0,0,2,0,0,0,0,72,0,0,0,751,5,1361,202,2112,,0,4,2,0,,,,,,,,,,,,,,,,,,,,,,,,,,,,,,,,,4.51,26.7
"Bregman, Alex",608324,2022,2022,28,548,656,142,81,38,0,23,77,87,11.7,13.3,.259,.454,.366,0.820,0.195,.260,.257,.416,.358,.350,.369,.159,.348,.337,.295,.299,.002,.038,.008,88.9,19.5,36.2,35,7.3,9.4,24.3,32.6,23.3,2.9,37.8,98.378645333,93.364139021,65.8,9.4,17.8,32.6,67.4,78,239,53.2,1341,76.1,7.0,282,1449,633,2521,90.6,73,776,46.8,1180,42.7,1076,14.9,40.3,45.1,34.7,20.2,481,55.7,33.5,161,32.6,157,24.5,118,9.4,45,,,,,,,,,,,,,656,93,257,249,2,1,135,993,422,0,383,10,155,18,0,1,11,31,37,481,74,0,120,130,41,45,0,1,0,1,0,0,0,0,10,133,1,0,1,1,0,0,0,0,93,0,1,0,1084,10,1437,133,2521,,0,1,0,0,,,,,,,,,,,,,,,,,,,,,,,,,,,,,,,,,4.6,26.6
"Alonso, Pete",624413,2022,2022,27,597,685,162,95,27,0,40,128,67,18.7,9.8,.271,.518,.352,0.870,0.247,.279,.262,.486,.366,.353,.345,.225,.420,.403,.339,.330,.009,.032,.013,89.8,18.2,34.5,59,12.3,4.8,23.8,30.1,24.1,4.8,44.8,102.849215397,95.616516548,70.9,15.7,33.5,38.1,61.9,180,472,56.2,1409,84.7,5.5,233,1475,652,2507,84.3,122,778,43.8,1098,44.3,1111,24.2,49.9,41.4,34.1,24.5,478,56.4,36.4,174,30.5,146,23.0,110,10.0,48,,,,,,,,,,,,,685,131,286,309,1,5,160,846,336,0,470,32,160,17,0,1,12,41,47,478,73,1,99,133,34,46,0,16,0,1,0,0,27,0,9,251,1,0,0,0,0,0,0,0,95,5,0,0,921,9,1586,251,2507,,0,4,2,0,,,,,,,,,,,,,,,,,,,,,,,,,,,,,,,,,4.67,25.7
"Machado, Manny",592518,2022,2022,29,578,644,172,102,37,1,32,133,63,20.7,9.8,.298,.531,.366,0.897,0.233,.337,.264,.447,.382,.338,.338,.183,.458,.396,.385,.343,.034,.084,.044,91.5,16,36.7,44,9.8,9.8,24.4,25.5,27.5,2.9,49.0,102.622706786,95.790495526,74.4,17.7,30.7,39.8,60.2,156,392,53.9,1278,86.3,7.1,265,1421,600,2371,82.3,144,813,46.1,1093,43.5,1031,24.9,50.8,40.7,33.1,26.2,447,63.4,37.6,168,23.7,106,29.1,130,9.6,43,,,,,,,,,,,,,644,102,256,307,1,9,141,817,297,0,458,19,150,12,0,2,1,47,35,447,89,1,71,121,40,42,0,10,1,10,0,0,15,0,2,267,1,0,0,1,0,0,1,0,100,9,0,0,869,2,1502,267,2371,,1,6,1,0,,,,,,,,,,,,,,,,,,,,,,,,,,,,,,,,,4.71,26.4
"Arozarena, Randy",668227,2022,2022,27,586,645,154,90,41,3,20,156,46,24.2,7.1,.263,.445,.327,0.772,0.182,.325,.234,.382,.336,.301,.301,.148,.411,.360,.356,.318,.029,.063,.035,89.9,8.8,28.2,34,7.9,5.8,20.1,22.7,40.5,2.5,41.0,101.17822,94.772195116,64.0,21.5,30.9,41.3,58.7,175,424,54.2,1370,74.3,6.8,282,1316,779,2527,78.4,159,741,45.8,1157,42.3,1070,28.7,46.1,32.4,44.2,23.4,432,60.5,50.2,217,19.7,85,20.8,90,9.3,40,,,,,,,,,,,,,645,89,278,261,12,32,169,831,456,0,398,24,153,17,0,3,11,55,30,432,69,0,55,162,21,40,0,2,0,1,0,1,27,0,2,285,10,2,0,1,0,2,1,0,72,27,5,0,906,2,1621,285,2527,,3,5,0,0,,,,,,,,,,,-1,1,20,5.0,2,6,33.3,5,9,55.6,17,76.5,13,90.5,19,21,-0.2,-0.5,-0.2,-0.9,31.1,13,4.27,28.8
"Springer III, George",543807,2022,2022,32,513,583,137,86,22,4,25,100,54,17.2,9.3,.267,.472,.342,0.814,0.205,.285,.265,.437,.352,.342,.342,.172,.387,.374,.328,.328,.002,.035,.010,88.7,13.9,31.8,35,8.4,7.2,22.0,25.8,31.8,4.5,42.3,101.320507081,94.768491799,77.4,21.0,25.6,49.1,50.9,140,285,51.1,1112,86.4,7.1,290,1240,525,2175,79.0,173,823,48.9,1063,42.0,913,28.2,50.9,45.7,32.3,22.0,418,62.0,44.3,185,24.4,102,21.8,91,9.6,40,,,,,,,,,,,,,583,76,190,242,2,14,117,772,250,4,377,25,133,7,0,0,7,41,35,418,61,0,67,144,27,40,0,1,1,5,0,1,40,0,5,282,2,0,0,0,0,0,0,0,89,13,1,0,817,5,1358,282,2175,,0,3,0,4,,,,,,,,,,,0,1,11,9.1,3,3,100.0,1,4,25.0,15,93.3,14,87.5,21,24,-0.1,0.6,-0.1,0.4,34.6,2,4.37,28.3
"Estrada, Thairo",642731,2022,2022,26,488,541,127,89,22,2,14,89,33,16.5,6.1,.260,.400,.322,0.722,0.140,.290,.246,.352,.317,.299,.312,.107,.343,.319,.314,.301,.014,.048,.018,86.2,8.1,31.6,18,4.4,4.7,24.2,21.0,38.5,6.7,31.1,97.092146345,92.54814231,67.2,12.0,32.3,36.4,62.7,118,324,51.6,1003,87.4,6.5,203,1127,516,1945,87.5,76,633,48.4,942,45.7,888,20.3,49.2,40.0,37.5,22.5,405,63.4,51.4,208,20.5,83,21.0,85,7.2,29,,,,,,,,,,,,,541,62,215,195,6,21,122,603,322,0,352,13,140,10,0,1,14,46,27,405,54,0,56,162,28,29,0,0,0,3,3,0,0,1,5,164,6,0,0,2,0,2,0,0,71,19,2,0,666,6,1279,164,1945,,2,9,1,0,,,,,,,,,,,-1,0,3,0.0,0,0,,0,1,0.0,1,0.0,0,100.0,2,2,-0.1,-3,-0.1,-3.1,26.1,6,4.3,28.2
"Kirk, Alejandro",672386,2022,2022,23,470,541,134,101,19,0,14,58,63,10.7,11.6,.285,.415,.372,0.787,0.130,.299,.278,.431,.347,.351,.367,.153,.342,.347,.322,.316,.007,-0.016,-0.004,90.5,8.1,32.0,28,6.7,6.5,27.2,20.2,35.3,3.8,45.4,101.053304663,94.989537614,59.6,10.5,23.3,27.3,72.7,72,264,51.4,1131,70.4,6.9,223,1297,561,2200,89.5,67,637,48.6,1069,41.6,915,15.4,41.0,32.2,38.9,28.8,416,59.7,50.0,208,20.4,85,24.5,102,5.0,21,,,,,,,,,,,,,541,63,177,195,0,0,115,800,437,0,346,11,139,11,0,1,4,59,16,416,59,0,69,149,42,21,0,2,0,2,0,0,50,0,4,122,0,0,0,0,0,1,0,0,59,0,0,0,862,4,1338,122,2200,,1,8,0,0,27,1.99,1.99,1.99,3,1.52,1.52,,0.72,80.3,,,,,,,,,,,,,,,,,,,,,,,4.89,24.2
"McMahon, Ryan",641857,2022,2022,27,529,597,130,84,23,3,20,158,60,26.5,10.1,.246,.414,.327,0.741,0.168,.311,.247,.423,.326,.330,.329,.175,.400,.407,.348,.351,-0.001,-0.009,-0.004,91.7,10.8,36.4,39,10.4,6.7,27.0,21.1,30.2,4.3,46.5,102.094383676,95.689199432,63.4,20.9,25.4,47.9,52.1,150,313,48.1,1230,76.8,7.4,379,1601,523,2559,79.1,176,843,51.9,1329,44.3,1134,28.2,45.2,35.3,36.4,28.3,374,64.8,44.7,167,27.5,103,26.2,98,1.6,6,,,,,,,,,,,,,597,67,227,219,3,7,127,916,439,0,456,34,153,7,0,1,5,39,31,374,60,0,72,128,38,6,0,0,0,0,2,0,1,0,3,277,3,0,0,2,0,0,0,0,67,7,0,0,964,3,1595,277,2559,,0,2,0,0,,,,,,,,,,,,,,,,,,,,,,,,,,,,,,,,,4.59,25.8
"Marte, Starling",516782,2022,2022,33,466,505,136,91,24,5,16,97,26,19.2,5.1,.292,.468,.347,0.815,0.176,.340,.276,.428,.355,.336,.332,.153,.412,.386,.369,.348,.016,.040,.019,86.8,7.5,38.5,25,6.8,7.0,25.7,17.1,38.8,4.6,33.9,99.153544837,93.595179373,67.5,16.5,32.8,39.9,59.5,128,321,50.9,978,79.5,6.6,217,1104,510,1920,82.7,105,636,49.1,942,44.8,860,24.3,49.8,38.8,37.1,24.1,369,62.8,50.1,185,20.1,74,26.0,96,3.8,14,,,,,,,,,,,,,505,63,192,218,9,18,97,598,320,0,348,21,118,18,0,0,13,45,27,369,64,0,47,140,30,14,0,0,0,1,1,0,1,0,0,200,9,0,0,1,0,1,0,0,76,14,2,2,643,0,1277,200,1920,,1,4,1,0,,,,,,,,,,,-1,1,25,4.0,1,4,25.0,5,9,55.6,11,81.8,9,100.0,20,20,0,0.1,0.5,0.6,32.9,13,4.28,28.0
"Ozuna, Marcell",542303,2022,2022,31,470,507,106,64,19,0,23,122,31,24.1,6.1,.226,.413,.274,0.687,0.187,.252,.253,.475,.298,.334,.300,.222,.364,.417,.301,.339,-0.027,-0.062,-0.036,89.4,16.5,31.8,46,13.1,4.0,23.9,28.7,25.6,4.3,43.8,101.775141886,95.035047714,68.2,19.6,33.4,44.7,55.3,163,365,54.0,1093,80.0,6.2,219,1076,634,2023,80.4,124,634,46.0,930,39.9,808,28.7,49.4,41.2,37.2,21.6,352,61.5,38.4,135,30.7,108,20.7,73,10.2,36,,,,,,,,,,,,,507,56,210,194,1,2,126,654,316,0,360,19,124,12,0,0,2,29,28,352,48,1,80,106,25,34,0,0,1,4,0,0,72,0,4,253,1,0,0,0,0,0,0,0,56,2,0,0,708,4,1315,253,2023,,0,2,0,0,,,,,,,,,,,-2,0,11,0.0,0,0,,0,1,0.0,5,60.0,3,90.0,9,10,0.2,-1.8,0.6,-1,32.3,,4.66,26.6
"Yastrzemski, Mike",573262,2022,2022,31,485,558,104,54,31,2,17,141,61,25.3,10.9,.214,.392,.305,0.697,0.178,.261,.220,.392,.307,.314,.313,.172,.358,.369,.297,.309,-0.006,.000,-0.007,89.9,19.9,36.2,39,11.1,5.1,21.4,32.8,24.5,4.8,42.5,99.830966069,94.251098237,63.4,15.8,22.2,42.9,54.4,111,259,49.7,1168,70.0,7.7,296,1361,629,2349,83.0,118,749,50.3,1181,43.2,1014,22.7,42.9,42.7,33.6,23.6,351,60.2,34.8,122,31.9,112,23.6,83,9.7,34,,,,,,,,,,,,,558,57,216,190,1,5,115,862,439,0,412,22,148,3,0,1,5,22,30,351,52,0,82,100,30,33,0,0,0,17,1,0,1,1,6,188,1,0,0,0,0,0,1,0,73,4,1,0,902,7,1447,188,2349,,1,2,1,0,,,,,,,,,,,2,0,26,0.0,2,7,28.6,7,11,63.6,27,96.3,26,89.7,26,29,-0.1,0.9,0.2,1,34.8,,4.4,27.0
"Murphy, Sean",669221,2022,2022,27,537,612,134,77,37,2,18,124,56,20.3,9.2,.250,.426,.332,0.758,0.176,.290,.255,.439,.331,.344,.340,.184,.371,.390,.321,.333,-0.005,-0.013,-0.013,88.7,11.5,34.7,44,10.5,6.5,23.2,23.4,32.8,3.6,41.4,101.085158756,94.706891435,71.1,17.3,29.5,38.9,61.1,142,365,52.2,1239,79.8,7.7,263,1222,764,2372,82.7,139,805,47.8,1133,43.9,1042,24.0,49.3,39.7,36.6,23.7,418,62.5,42.1,176,23.4,98,27.0,113,7.4,31,,,,,,,,,,,,,612,66,196,229,0,1,111,780,350,1,471,19,148,14,0,1,13,34,23,418,77,0,75,142,34,31,0,2,0,0,0,0,30,0,5,248,0,0,0,0,0,0,1,0,67,1,0,0,852,5,1520,248,2372,,1,1,0,1,33,1.89,1.88,1.91,1,1.4,,1.4,0.7,86.1,,,,,,,,,,,,,,,,,,,,,,,4.62,26.1
"Flores, Wilmer",527038,2022,2022,30,525,602,120,72,28,1,19,103,59,17.1,9.8,.229,.394,.316,0.710,0.165,.246,.233,.370,.312,.310,.322,.137,.326,.323,.280,.288,-0.004,.024,.002,87.8,20.7,35.7,27,6.3,5.4,24.5,35.9,24.7,3.3,35.4,97.672013814,92.963528089,66.5,12.4,26.6,33.7,66.3,114,338,52.4,1270,74.4,6.9,254,1359,676,2426,87.6,95,768,47.6,1155,42.0,1018,18.9,45.6,46.6,32.2,21.2,429,64.2,34.7,149,31.5,135,24.2,104,9.6,41,,,,,,,,,,,,,602,71,192,207,0,0,106,811,443,0,468,15,151,7,0,2,11,36,36,429,48,0,99,113,55,41,0,1,0,0,0,0,26,0,7,181,0,0,0,2,0,0,0,0,72,0,0,0,877,7,1549,181,2426,,0,2,1,0,,,,,,,,,,,,,,,,,,,,,,,,,,,,,,,,,4.7,25.3
"Arraez, Luis",650333,2022,2022,25,547,603,173,133,31,1,8,43,50,7.1,8.3,.316,.420,.375,0.795,0.104,.331,.288,.408,.350,.333,.350,.121,.345,.326,.341,.311,.028,.012,.017,88.9,12.9,38.7,18,3.6,5.7,30.6,27.6,31.0,1.4,30.2,96.195004348,92.276757036,63.2,5.6,24.1,10.6,89.4,32,303,52.1,1257,68.1,6.8,339,1484,543,2413,94.0,41,731,47.9,1156,44.0,1061,7.1,42.9,28.4,41.2,30.4,507,51.3,41.2,209,25.4,129,29.8,151,3.6,18,,,,,,,,,,,,,603,49,160,230,4,4,93,871,451,0,451,12,144,6,0,1,3,49,23,507,100,1,106,160,50,17,0,2,0,1,0,0,38,0,3,56,4,0,0,0,0,0,0,0,88,3,1,0,928,3,1485,56,2413,,0,4,0,0,,,,,,,,,,,,,,,,,,,,,,,,,,,,,,,,,4.48,26.9
"Bell, Josh",605137,2022,2022,29,552,647,147,98,29,3,17,102,81,15.8,12.5,.266,.422,.362,0.784,0.156,.296,.268,.419,.344,.346,.365,.151,.358,.361,.322,.327,-0.002,.003,-0.002,88.9,8.4,30.7,33,7.2,3.7,27.4,20.6,36.6,4.2,40.8,100.551357456,94.511584791,68.8,16.3,24.9,34.6,65.4,115,332,53.3,1336,77.5,6.4,567,1369,521,2505,83.6,131,804,46.7,1169,45.5,1140,21.7,45.3,37.1,35.7,27.2,456,53.1,50.7,231,19.7,90,24.1,110,5.7,26,,,,,,,,,,,,,647,71,266,233,1,0,150,922,374,3,433,25,156,22,0,1,5,52,23,457,72,0,67,178,36,26,0,4,0,1,0,0,32,0,6,212,1,0,0,3,0,0,0,0,78,0,0,0,995,6,1510,212,2505,,0,6,0,3,,,,,,,,,,,,,,,,,,,,,,,,,,,,,,,,,4.61,26.2
"Witt Jr., Bobby",677951,2022,2022,22,591,632,150,93,31,6,20,135,30,21.4,4.7,.254,.428,.294,0.722,0.174,.295,.252,.427,.311,.313,.294,.174,.374,.377,.325,.326,.002,.001,-0.002,89.7,16.8,32.5,40,8.7,4.6,23.6,34.3,26.2,2.2,38.6,100.836506783,94.527115512,70.4,17.9,34.7,39.0,61.0,164,421,52.0,1212,78.0,7.6,215,1371,610,2332,82.1,141,788,48.0,1120,43.1,1004,25.2,51.8,33.2,39.3,27.5,461,64.0,36.2,167,33.4,154,22.6,104,7.8,36,,,,,,,,,,,,,632,80,241,253,7,30,127,703,368,0,443,30,150,12,0,0,6,53,33,461,63,1,121,114,40,35,0,2,0,2,1,0,2,0,5,256,5,2,0,0,0,1,1,0,82,27,3,0,755,5,1576,256,2331,,2,3,0,0,,,,,,,,,,,,,,,,,,,,,,,,,,,,,,,,107,4.13,30.3
"Bohm, Alec",664761,2022,2022,25,586,631,164,124,24,3,13,110,31,17.4,4.9,.280,.398,.315,0.713,0.118,.319,.290,.436,.310,.333,.327,.146,.353,.383,.337,.353,-0.010,-0.038,-0.023,90.2,10.4,37.7,33,6.8,6.0,29.8,21.6,33.3,2.5,43.0,100.649873374,94.552579815,72.0,16.1,31.4,31.8,68.2,118,371,51.4,1182,80.0,7.8,181,1375,602,2301,83.9,130,806,48.6,1119,43.7,1005,21.1,51.2,30.2,39.1,30.7,486,62.7,46.3,225,21.0,102,27.2,132,5.6,27,,,,,,,,,,,,,631,72,227,233,3,2,135,732,335,0,443,29,152,18,0,0,4,54,23,486,87,0,79,171,41,27,0,1,0,0,1,0,9,0,10,213,3,0,0,1,0,2,0,0,79,2,0,0,789,10,1512,213,2301,,2,10,0,0,,,,,,,,,,,,,,,,,,,,,,,,,,,,,,,,,4.59,27.0
"Grichuk, Randal",545341,2022,2022,30,506,538,131,88,21,3,19,127,24,23.6,4.5,.259,.425,.299,0.724,0.166,.309,.229,.370,.315,.281,.271,.141,.390,.343,.344,.305,.030,.055,.034,90,8.7,27.3,26,6.8,6.6,18.9,24.4,38.6,3.9,43.6,101.601495926,95.066145714,69.4,14.2,32.7,45.8,54.2,152,332,51.3,1015,74.3,6.9,189,1168,527,1977,85.8,95,668,48.7,962,42.0,830,24.7,50.6,33.9,40.2,26.0,381,59.3,50.4,192,26.0,99,18.1,69,5.5,21,,,,,,,,,,,,,538,73,216,215,0,4,127,613,310,0,372,16,140,12,0,1,6,59,29,381,43,0,70,133,25,21,0,0,0,1,1,0,1,0,2,209,0,0,0,3,0,1,1,0,60,4,0,0,667,2,1310,209,1977,,2,2,1,0,,,,,,,,,,,-2,0,26,0.0,1,5,20.0,7,10,70.0,22,95.5,21,87.9,29,33,-1.3,0.1,0.7,-0.5,32.3,,4.5,28.0
"Torres, Gleyber",650402,2022,2022,25,526,572,135,82,28,1,24,129,39,22.6,6.8,.257,.451,.310,0.761,0.194,.295,.244,.441,.328,.319,.298,.198,.398,.385,.338,.321,.013,.010,.009,90.4,17.5,36.2,43,10.7,8.5,23.7,30.4,23.7,3.0,45.3,100.5348042,94.660057845,71.9,22.2,27.7,40.1,59.9,125,312,50.7,1127,75.8,7.4,245,1166,634,2226,77.7,175,790,49.3,1098,41.2,916,27.2,49.6,35.9,35.4,28.7,401,64.4,35.9,144,32.7,131,24.2,97,7.2,29,,,,,,,,,,,,,572,76,273,237,5,10,144,737,319,0,401,19,140,12,0,2,3,38,33,401,63,1,98,106,34,28,0,2,0,0,0,0,9,1,3,267,5,0,0,0,0,2,0,1,73,5,5,0,804,4,1422,267,2226,,3,4,2,0,,,,,,,,,,,,,,,,,,,,,,,,,,,,,,,,,4.51,26.9
"LeMahieu, DJ",518934,2022,2022,33,467,541,122,92,18,0,12,71,67,13.1,12.4,.261,.377,.357,0.734,0.116,.285,.274,.403,.329,.344,.369,.130,.324,.344,.307,.321,-0.013,-0.026,-0.015,89.2,3,32.8,21,5.3,6.8,25.8,16.3,42.4,3.3,41.1,99.499628485,94.048075494,53.9,10.7,24.5,26.6,73.4,69,259,49.3,1059,61.4,7.7,213,1397,434,2152,89.1,63,587,50.7,1089,42.6,915,15.7,39.5,24.8,37.8,37.3,399,63.6,54.6,218,17.0,68,25.6,102,2.8,11,,,,,,,,,,,,,541,46,152,176,3,4,80,754,516,0,316,25,125,12,0,0,4,45,17,399,59,1,51,173,42,10,0,0,0,3,0,0,7,1,2,105,2,0,1,0,0,1,0,0,74,2,2,0,787,3,1365,105,2152,,1,6,0,0,,,,,,,,,,,,,,,,,,,,,,,,,,,,,,,,,4.69,26.4
"Benintendi, Andrew",643217,2022,2022,27,461,521,140,109,23,3,5,77,52,14.8,10.0,.304,.399,.373,0.772,0.095,.352,.273,.407,.342,.334,.347,.134,.361,.351,.360,.326,.031,-0.008,.008,89.2,12.6,39.2,20,5.1,6.2,30.0,25.1,30.8,2.8,38.7,98.21078057,93.391636347,73.2,18.0,22.7,29.5,70.5,64,217,49.6,955,83.1,8.0,269,1131,462,1926,81.9,128,711,50.4,971,42.2,813,20.7,48.2,29.0,41.0,30.0,390,58.0,43.8,171,26.7,104,25.9,101,3.6,14,,,,,,,,,,,,,521,51,175,184,3,8,110,708,253,0,345,21,126,7,0,2,2,57,17,390,65,1,87,114,34,13,0,0,0,3,0,2,1,1,5,165,2,1,0,0,0,0,0,0,54,8,0,0,745,6,1181,165,1926,,0,5,0,0,,,,,,,,,,,-1,1,18,5.6,1,2,50.0,8,13,61.5,18,72.2,13,100.0,22,22,0,0.2,0.2,0.4,33.5,1,4.38,27.6
"France, Ty",664034,2022,2022,27,551,613,151,103,27,1,20,94,35,15.3,5.7,.274,.436,.338,0.774,0.162,.296,.262,.397,.337,.321,.330,.135,.364,.342,.327,.315,.012,.039,.016,87.6,10,34.8,25,5.4,5.0,27.5,21.9,35.3,3.9,36.8,99.035163319,93.565264683,75.8,9.8,31.9,39.3,60.7,147,374,53.1,1174,81.7,6.4,215,1284,602,2211,90.2,77,786,46.9,1037,41.9,926,19.3,52.5,35.5,35.1,29.4,462,57.5,47.8,221,21.2,98,25.5,118,5.4,25,,,,,,,,,,,,,613,83,218,240,0,0,122,702,283,1,474,18,140,18,0,0,21,58,27,462,66,0,71,163,50,25,0,3,0,3,0,0,8,0,5,189,0,0,0,0,0,0,0,1,65,0,0,0,768,5,1443,189,2211,,1,5,2,1,,,,,,,,,,,,,,,,,,,,,,,,,,,,,,,,,4.88,24.8
"Bellinger, Cody",641355,2022,2022,26,504,550,106,57,27,3,19,150,38,27.3,6.9,.210,.389,.265,0.654,0.179,.255,.213,.354,.284,.278,.271,.141,.357,.348,.294,.303,-0.003,.035,.006,89.4,20.3,34.4,30,8.3,5.8,25.3,35.8,23.3,1.1,38.1,98.149983833,93.243694234,68.2,22.4,31.7,37.4,62.6,137,366,50.2,1154,83.2,7.3,324,1334,561,2301,77.5,175,782,49.8,1147,44.5,1024,27.2,49.9,45.8,33.1,21.1,360,60.2,35.6,128,32.8,118,22.2,80,9.4,34,,,,,,,,,,,,,550,68,233,196,3,14,122,773,333,0,475,34,144,7,0,3,2,28,26,360,52,0,92,100,25,34,0,0,0,0,0,0,0,0,6,253,3,0,0,0,0,0,0,0,70,13,1,0,820,6,1481,253,2301,,0,6,0,0,,,,,,,,,,,6,1,24,4.2,3,4,75.0,6,11,54.5,21,100.0,21,94.1,32,34,0,0.6,0.4,1,34.8,2,4.23,28.1
"Giménez, Andrés",665926,2022,2022,23,491,557,146,100,26,3,17,112,34,20.1,6.1,.297,.466,.371,0.837,0.169,.353,.257,.400,.364,.326,.336,.143,.422,.368,.382,.332,.040,.066,.038,87.8,11.7,31.3,24,6.2,6.5,25.6,20.7,32.4,8.5,37.8,99.022592,93.615976351,70.9,18.8,38.4,39.0,59.5,162,415,52.9,1082,70.4,6.9,269,1142,543,2044,79.6,128,682,47.1,962,41.5,849,26.4,53.7,37.8,40.4,21.8,386,63.5,48.2,186,19.4,75,24.4,94,8.0,31,,,,,,,,,,,,,557,69,201,229,3,20,126,581,301,0,404,23,146,9,0,1,25,64,20,386,62,0,55,122,30,31,0,4,0,3,0,0,0,4,3,251,3,0,0,0,0,0,1,0,66,19,1,0,646,7,1398,251,2044,,1,3,1,0,,,,,,,,,,,,,,,,,,,,,,,,,,,,,,,,44,4.13,29.3
"Tellez, Rowdy",642133,2022,2022,27,529,599,116,58,23,0,35,121,62,20.2,10.4,.219,.461,.306,0.767,0.242,.215,.252,.479,.327,.349,.337,.226,.372,.404,.282,.328,-0.033,-0.018,-0.022,91.1,15.3,31.4,53,12.9,7.3,21.4,26.0,28.7,3.2,46.0,102.553838927,95.690567213,61.1,16.4,27.0,39.5,60.5,132,334,51.7,1237,67.6,7.1,397,1272,635,2392,83.3,116,706,48.3,1155,41.9,1002,23.8,43.5,37.7,43.6,18.7,411,57.2,39.7,163,29.9,123,20.4,84,10.0,41,,,,,,,,,,,,,599,89,224,244,1,2,110,833,464,0,379,20,153,20,0,1,5,22,45,411,49,0,78,141,33,38,0,9,0,8,0,0,9,0,3,206,1,0,0,0,0,1,0,0,67,2,0,0,888,3,1504,206,2392,,1,4,0,0,,,,,,,,,,,,,,,,,,,,,,,,,,,,,,,,,4.83,24.0
"Brown, Seth",664913,2022,2022,29,500,555,115,61,26,3,25,146,51,26.3,9.2,.230,.444,.305,0.749,0.214,.273,.251,.454,.323,.338,.324,.203,.404,.426,.324,.354,-0.021,-0.010,-0.015,89.2,15.8,34.9,46,13.0,5.4,23.4,29.6,24.8,3.7,41.4,101.723429266,95.001222068,69.7,18.0,29.1,54.5,45.2,183,336,52.6,1156,77.1,7.1,456,986,654,2198,81.5,131,726,47.4,1042,42.6,936,29.6,48.3,40.3,36.1,23.7,355,61.2,36.6,130,30.4,108,24.5,87,8.5,30,,,,,,,,,,,,,555,73,214,222,2,11,112,746,332,0,389,25,150,7,0,1,3,26,35,355,52,2,73,104,35,28,0,3,0,15,1,0,2,0,1,273,1,1,0,0,0,0,0,0,55,11,0,0,804,1,1394,273,2198,,0,1,0,0,,,,,,,,,,,-5,0,5,0.0,0,3,0.0,2,7,28.6,10,70.0,7,93.8,15,16,0.3,-2,-0.1,-1.8,30.9,,4.51,27.8
"Schwarber, Kyle",656941,2022,2022,29,577,669,126,56,21,3,46,200,86,29.9,12.9,.218,.504,.323,0.827,0.286,.240,.237,.535,.355,.375,.341,.297,.465,.501,.332,.365,-0.019,-0.031,-0.020,93.3,19.2,35.4,76,20.1,8.7,17.4,27.7,21.4,4.5,54.4,104.793857287,97.247555372,60.6,22.7,21.7,47.0,52.3,151,321,51.5,1481,70.2,6.3,413,1597,789,2878,77.1,192,847,48.5,1397,44.0,1267,29.4,40.6,42.5,37.7,19.8,379,59.7,34.3,130,33.8,128,20.6,78,11.3,43,,,,,,,,,,,,,669,94,209,291,1,10,111,1091,558,0,442,23,155,10,0,0,4,21,52,379,53,0,76,109,23,43,0,3,0,4,0,0,15,0,2,300,1,0,0,0,0,0,0,0,100,7,2,1,1152,2,1726,300,2878,,0,3,0,0,,,,,,,,,,,-12,0,26,0.0,1,6,16.7,2,9,22.2,14,85.7,12,81.3,13,16,-1.1,-1.7,0.7,-2.1,30.4,,4.51,26.4
"Turner, Trea",607208,2022,2022,29,652,708,194,130,39,4,21,131,45,18.5,6.4,.298,.466,.343,0.809,0.168,.342,.276,.432,.350,.335,.327,.156,.406,.387,.368,.348,.022,.034,.015,88.9,10.2,35.3,40,7.6,6.5,24.3,24.3,34.5,2.3,41.6,100.188198893,94.238854962,72.4,15.5,33.1,46.3,53.7,225,486,53.9,1467,82.4,6.9,317,1413,850,2720,84.5,141,907,46.1,1253,41.6,1131,26.3,51.2,41.4,34.7,23.9,527,63.6,43.5,229,26.2,138,24.7,130,5.7,30,,,,,,,,,,,,,708,100,264,304,3,27,178,857,386,2,500,16,160,9,0,2,3,73,37,527,84,0,101,156,43,30,0,1,0,0,0,0,0,0,6,330,3,0,0,0,0,0,1,0,101,25,2,0,941,6,1779,330,2720,,1,1,0,2,,,,,,,,,,,,,,,,,,,,,,,,,,,,,,,,131,4.14,30.3
"Rosario, Amed",642708,2022,2022,26,637,670,180,134,26,9,11,111,25,16.6,3.7,.283,.403,.312,0.715,0.120,.326,.276,.396,.311,.310,.308,.120,.356,.354,.340,.335,.007,.007,.001,88.4,5,31.1,24,4.5,5.5,24.5,18.1,42.6,4.5,38.3,99.690201132,93.991990529,67.0,15.4,40.0,29.8,70.2,147,493,51.4,1231,70.1,7.4,196,1319,725,2395,84.6,120,779,48.6,1163,42.6,1020,21.0,53.1,30.4,40.6,29.1,530,64.9,52.5,278,16.8,89,25.7,136,5.1,27,,,,,,,,,,,,,670,71,264,257,4,18,157,671,405,0,475,27,153,19,0,1,4,80,13,530,86,1,76,198,47,26,0,0,1,0,0,2,6,0,4,228,3,1,0,1,0,0,0,0,86,16,2,0,718,4,1677,228,2395,,0,5,2,0,,,,,,,,,,,,,,,,,,,,,,,,,,,,,,,,91,4.17,29.4
"Melendez Jr., MJ",669004,2022,2022,23,460,534,100,58,21,3,18,131,66,24.5,12.4,.217,.393,.313,0.706,0.176,.258,.237,.410,.310,.332,.334,.173,.357,.392,.298,.331,-0.020,-0.017,-0.022,90.7,15.1,31.0,35,10.4,6.8,23.2,27.1,29.2,2.7,43.5,100.595888323,94.716383713,66.0,20.7,24.1,46.3,53.7,125,270,51.1,1122,77.4,7.7,372,1222,496,2196,79.3,147,709,48.9,1074,41.4,910,27.8,44.6,43.5,33.6,22.9,336,55.8,39.6,133,32.7,110,20.8,70,6.8,23,,,,,,,,,,,,,534,62,178,181,3,2,109,794,365,0,371,22,129,2,0,0,1,27,27,336,44,2,83,106,25,21,0,1,0,0,1,0,23,0,7,239,3,0,0,0,0,0,0,0,57,2,0,0,852,7,1344,239,2196,,0,2,0,0,20,1.97,1.99,1.94,1,1.62,1.62,,0.74,83,-1,0,4,0.0,0,1,0.0,2,3,66.7,5,60.0,3,100.0,9,9,-0.5,-0.1,0.4,-0.2,32.7,,4.21,27.8
"Reynolds, Bryan",668804,2022,2022,27,542,614,142,92,19,4,27,141,56,23.0,9.1,.262,.461,.345,0.806,0.199,.306,.249,.416,.349,.329,.334,.167,.416,.385,.352,.336,.013,.045,.020,90.2,12,35.5,32,7.9,6.0,24.8,25.8,31.5,4.0,42.9,100.882578564,94.722792556,73.0,15.9,31.5,51.0,49.0,201,394,54.4,1252,84.8,6.6,458,1243,542,2303,84.1,122,767,45.6,1051,43.4,999,27.8,50.4,39.2,37.5,23.3,403,62.6,43.7,176,27.8,112,24.6,99,4.0,16,,,,,,,,,,,,,614,62,197,250,3,7,96,763,302,0,435,23,145,13,0,2,14,38,41,403,63,0,71,138,36,16,0,6,0,2,0,0,18,0,2,287,3,0,0,1,0,1,0,0,74,7,0,0,840,2,1463,287,2303,,1,7,1,0,,,,,,,,,,,-6,0,24,0.0,1,7,14.3,3,5,60.0,17,76.5,13,81.8,18,22,-1.4,-0.1,0.7,-0.8,33.4,1,4.34,28.2
"Díaz, Yandy",650490,2022,2022,30,473,558,140,98,33,0,9,60,78,10.8,14.0,.296,.423,.401,0.824,0.127,.323,.288,.424,.366,.365,.395,.137,.355,.353,.338,.329,.008,-0.001,.001,92.2,7.7,30.7,20,4.8,8.9,26.1,20.5,36.7,1.7,49.0,103.107838195,96.208559878,63.6,9.6,19.6,29.0,71.0,62,214,50.7,1093,73.4,8.2,204,1324,478,2157,90.4,65,677,49.3,1064,42.2,910,14.3,41.3,29.0,37.9,33.1,414,52.2,50.0,207,19.6,81,24.4,101,6.0,25,,,,,,,,,,,,,558,57,181,200,3,3,106,813,389,0,350,11,137,10,0,1,6,65,13,414,61,1,68,142,39,24,0,2,0,4,1,0,14,0,1,115,3,0,0,0,0,1,0,0,71,3,0,0,877,1,1280,115,2157,,1,4,0,0,,,,,,,,,,,,,,,,,,,,,,,,,,,,,,,,,4.52,27.1
"Kwan, Steven",680757,2022,2022,24,563,638,168,130,25,7,6,60,62,9.4,9.7,.298,.400,.373,0.773,0.102,.323,.268,.341,.341,.312,.348,.073,.335,.298,.331,.300,.030,.059,.029,85.1,11.8,34.6,7,1.4,2.6,29.1,29.5,32.6,4.3,20.8,94.219058287,91.134248486,55.1,5.5,20.2,19.2,79.6,50,260,48.7,1288,63.9,8.2,343,1659,551,2643,93.7,41,746,51.3,1355,41.9,1108,9.0,38.1,28.3,37.7,34.0,509,59.0,42.6,217,23.6,120,27.9,142,5.9,30,,,,,,,,,,,,,638,52,217,225,5,19,121,922,648,0,397,10,147,9,0,2,7,68,22,509,78,0,98,149,62,30,0,2,0,0,0,0,6,2,4,78,5,0,0,1,0,2,0,0,89,18,1,0,989,6,1654,78,2643,,2,4,1,0,,,,,,,,,,,9,2,26,7.7,5,6,83.3,17,21,81.0,25,92.0,23,100.0,31,31,0.1,1.7,-0.1,1.7,34.9,17,4.16,28.4
"Correa, Carlos",621043,2022,2022,27,522,590,152,105,24,1,22,121,61,20.5,10.3,.291,.467,.366,0.833,0.176,.339,.272,.480,.362,.360,.350,.208,.420,.418,.375,.352,.019,-0.013,.002,89.9,11.6,35.3,46,11.4,5.7,25.4,23.7,29.4,4.4,44.7,101.992873251,95.284200765,63.3,15.3,26.9,36.6,63.4,124,339,52.1,1260,70.6,7.0,238,1373,707,2419,84.7,112,734,47.9,1159,42.4,1025,22.0,44.4,38.5,39.5,22.0,405,58.2,42.0,170,25.9,105,25.7,104,6.4,26,,,,,,,,,,,,,590,64,200,244,1,0,101,833,445,0,432,16,136,18,0,0,3,45,28,405,79,0,77,125,24,26,0,2,0,4,0,0,4,0,4,208,1,0,0,2,0,0,0,0,70,0,0,0,901,4,1518,208,2419,,0,4,0,0,,,,,,,,,,,,,,,,,,,,,,,,,,,,,,,,1,4.57,27.1
"Frazier, Adam",624428,2022,2022,30,541,602,129,100,22,4,3,73,46,12.1,7.6,.238,.311,.301,0.612,0.073,.268,.262,.339,.274,.297,.324,.077,.272,.302,.272,.301,-0.024,-0.028,-0.023,85.1,13.6,37.7,7,1.5,4.0,28.9,28.5,32.8,4.2,24.5,95.048135872,91.524067936,68.4,9.1,28.8,27.2,71.8,85,312,49.5,1085,79.4,8.6,273,1305,510,2191,90.6,69,756,50.5,1106,42.7,935,14.4,48.7,35.1,38.1,26.8,478,61.7,41.8,200,23.8,114,27.8,133,6.5,31,,,,,,,,,,,,,602,42,222,168,6,11,117,705,369,0,431,16,156,15,0,2,5,37,12,478,77,3,102,163,53,28,0,1,0,11,1,0,8,4,6,132,5,1,0,2,0,0,0,0,61,10,1,0,754,10,1437,132,2191,,0,2,0,0,,,,,,,,,,,-1,0,2,0.0,0,0,,1,2,50.0,10,70.0,7,100.0,5,5,-0.7,-1,-0.4,-2.1,32.1,,4.4,26.8
"Santana, Carlos",467793,2022,2022,36,431,506,87,50,18,0,19,88,71,17.4,14.0,.202,.376,.316,0.692,0.174,.209,.253,.438,.308,.352,.361,.185,.308,.372,.252,.318,-0.051,-0.062,-0.044,90.7,15.4,31.6,32,9.3,7.2,23.8,28.7,28.7,2.3,44.9,100.993708488,94.851060233,63.9,16.9,21.7,34.1,65.9,77,226,50.4,1041,78.2,7.6,409,1127,483,2066,82.9,111,655,49.6,1025,43.0,888,21.3,42.6,47.0,34.2,18.8,345,57.6,39.1,135,28.4,98,22.6,78,9.9,34,,,,,,,,,,,,,506,60,173,162,0,0,86,772,366,0,347,16,131,9,0,1,2,21,27,345,39,0,71,114,39,33,0,2,0,1,1,0,50,0,2,168,0,0,0,0,0,0,0,0,52,0,0,0,819,2,1247,168,2066,,0,1,1,0,,,,,,,,,,,,,,,,,,,,,,,,,,,,,,,,,4.67,25.7
"Cruz Jr., Nelson",443558,2022,2022,41,448,507,105,79,16,0,10,119,49,23.5,9.7,.234,.337,.313,0.650,0.103,.295,.241,.399,.292,.320,.323,.157,.334,.377,.316,.331,-0.007,-0.062,-0.028,90.9,7.2,28.0,31,9.3,4.5,25.6,17.2,39.8,2.4,46.1,102.29838061,95.468978262,72.4,23.2,31.1,50.8,49.2,164,323,52.2,1040,80.8,6.0,223,1102,594,1992,76.8,160,689,47.8,952,44.3,883,32.0,50.8,32.8,37.3,29.8,332,61.5,53.0,176,19.3,64,22.9,76,4.8,16,,,,,,,,,,,,,507,64,207,151,0,4,122,661,253,3,356,23,124,16,0,0,4,40,14,332,51,0,50,136,23,16,0,1,0,9,0,0,123,0,3,290,0,0,0,0,0,0,0,0,50,4,0,0,727,3,1265,290,1992,,0,4,0,3,,,,,,,,,,,,,,,,,,,,,,,,,,,,,,,,,4.8,25.5
"McNeil, Jeff",643446,2022,2022,30,533,589,174,125,39,1,9,61,40,10.4,6.8,.326,.454,.382,0.836,0.128,.353,.280,.389,.365,.323,.341,.109,.377,.325,.365,.314,.046,.065,.042,86.9,12.8,39.0,13,2.7,5.2,29.8,27.5,31.2,3.6,30.2,96.275278692,92.172015654,77.6,12.3,29.2,25.9,73.1,77,297,49.2,1017,86.0,7.3,274,1277,439,2065,87.1,100,813,50.8,1048,42.0,868,15.9,53.8,33.3,39.8,26.8,477,59.5,41.3,197,22.9,109,30.0,143,5.9,28,,,,,,,,,,,,,589,62,226,242,0,4,143,659,238,0,448,22,148,6,0,1,11,66,17,477,91,0,92,131,51,28,0,1,0,3,1,0,4,0,5,143,0,0,0,1,0,0,0,0,73,3,1,0,717,5,1348,143,2065,,0,0,0,0,,,,,,,,,,,0,0,1,0.0,1,1,100.0,4,7,57.1,4,100.0,4,100.0,11,11,0.3,-0.2,-0.1,0,34.4,,4.16,27.4
"Andrus, Elvis",462101,2022,2022,33,535,577,133,84,32,0,17,92,39,15.9,6.8,.249,.404,.303,0.707,0.155,.272,.245,.360,.310,.293,.300,.114,.338,.316,.300,.296,.004,.044,.017,87.9,11.9,29.1,20,4.5,3.6,26.9,26.0,33.6,5.0,34.8,98.336003699,93.236647643,62.3,14.2,29.4,36.1,63.9,122,338,51.0,1148,66.3,8.4,245,1169,712,2252,85.5,98,688,49.0,1104,41.6,937,21.4,45.6,37.5,38.6,23.9,443,61.2,46.5,206,22.1,98,22.8,101,8.6,38,,,,,,,,,,,,,577,58,180,216,4,18,104,761,417,0,361,21,149,11,0,2,3,43,23,443,67,0,75,163,34,38,0,0,0,1,1,0,4,0,0,194,4,0,0,0,0,0,1,0,66,12,6,0,809,0,1443,194,2252,,1,5,0,0,,,,,,,,,,,,,,,,,,,,,,,,,,,,,,,,,4.6,26.1
"Blackmon, Charlie",453568,2022,2022,35,530,577,140,96,22,6,16,109,32,18.9,5.5,.264,.419,.314,0.733,0.155,.304,.256,.376,.317,.301,.308,.120,.366,.345,.330,.322,.008,.043,.016,86.2,12.4,36.7,19,4.4,4.0,27.1,25.2,32.2,6.5,30.6,97.426435333,92.732128429,70.1,16.6,32.0,32.6,67.1,106,325,48.8,1015,82.7,7.8,287,1293,434,2085,83.3,124,748,51.2,1067,43.9,915,21.4,51.5,43.0,36.0,21.0,428,59.7,44.4,190,23.8,102,25.7,110,6.1,26,,,,,,,,,,,,,577,78,197,222,1,4,131,651,311,0,414,29,135,10,0,0,8,37,29,428,73,1,73,153,34,25,0,4,1,0,0,0,80,4,3,189,1,0,0,0,0,0,0,0,60,4,0,0,700,7,1385,189,2085,,0,3,0,0,,,,,,,,,,,-5,0,7,0.0,1,4,25.0,4,7,57.1,9,55.6,5,90.9,10,11,-1.5,-0.7,0.7,-1.5,31.7,1,4.36,27.8
"Edman, Tommy",669242,2022,2022,27,577,630,153,105,31,4,13,111,46,17.6,7.3,.265,.400,.324,0.724,0.135,.308,.258,.380,.318,.308,.318,.122,.354,.341,.328,.319,.007,.020,.010,88.6,8.7,31.6,29,6.2,5.1,25.6,20.7,37.2,4.5,37.8,98.931648319,93.598664536,64.0,11.8,30.6,38.2,61.0,139,364,51.1,1189,69.1,6.4,443,1364,456,2328,87.8,86,729,48.9,1139,44.6,1038,20.6,47.0,37.8,38.7,23.5,468,61.4,49.4,231,20.5,96,23.5,110,6.6,31,,,,,,,,,,,,,630,57,195,231,3,32,108,758,415,0,394,19,153,10,0,2,5,62,22,468,69,0,74,169,41,31,0,2,0,0,2,0,0,1,1,191,3,0,0,1,0,2,1,0,95,29,3,0,820,2,1508,191,2328,,3,2,2,0,,,,,,,,,,,,,,,,,,,,,,,,,,,,,,,,12,4.25,28.7
"Pham, Tommy",502054,2022,2022,34,554,622,131,90,23,1,17,167,56,26.8,9.0,.236,.374,.312,0.686,0.138,.304,.238,.383,.304,.311,.315,.145,.371,.383,.334,.340,-0.002,-0.009,-0.007,92.2,7.7,33.2,31,7.9,8.2,23.5,21.7,36.0,2.3,48.5,102.514437436,95.778101436,60.8,17.0,21.6,53.1,46.5,138,260,48.0,1203,74.0,8.0,260,1434,698,2505,82.8,135,792,52.0,1302,43.2,1082,26.0,42.0,34.2,39.8,26.0,392,62.5,48.2,189,22.4,88,24.7,97,4.6,18,,,,,,,,,,,,,622,63,217,207,3,8,130,870,520,0,385,29,144,20,0,1,7,49,18,392,64,0,70,140,32,18,0,0,0,0,0,0,10,0,5,234,3,0,0,5,0,1,0,0,89,8,0,0,933,5,1572,234,2505,,1,1,1,0,,,,,,,,,,,-5,0,24,0.0,1,4,25.0,6,11,54.5,19,84.2,16,90.9,20,22,-0.4,-0.4,0.4,-0.4,32.2,,4.54,27.9
"Grisham, Trent",663757,2022,2022,25,451,524,83,48,16,2,17,150,57,28.6,10.9,.184,.341,.284,0.625,0.157,.231,.201,.354,.280,.293,.300,.153,.333,.356,.274,.300,-0.017,-0.013,-0.013,88.3,15.1,25.5,25,8.1,5.8,19.0,28.1,28.4,10.3,35.5,99.46593125,93.84436934,56.1,19.6,20.7,44.7,52.7,101,226,49.1,1090,64.9,7.8,319,1395,442,2219,78.5,124,633,50.9,1129,44.8,994,26.2,38.7,43.5,31.6,24.8,310,58.9,46.1,143,30.0,93,14.8,46,9.0,28,,,,,,,,,,,,,524,53,198,154,1,7,108,831,480,0,306,17,152,3,0,1,7,31,23,310,29,0,70,112,16,28,0,1,0,7,3,0,0,7,2,199,1,0,0,0,0,0,0,0,58,6,1,0,880,9,1339,199,2219,,0,2,2,0,,,,,,,,,,,16,8,27,29.6,7,8,87.5,11,17,64.7,32,90.6,29,97.1,33,34,2.3,0.7,-1.7,1.2,35.2,8,4.35,28.8
"Turner, Justin",457759,2022,2022,37,468,532,130,81,36,0,13,89,50,16.7,9.4,.278,.438,.350,0.788,0.160,.313,.267,.427,.343,.339,.343,.160,.372,.367,.336,.327,.011,.011,.004,89.5,18.4,40.6,31,8.0,6.2,27.1,33.1,22.7,2.6,40.6,99.002545648,93.736858523,70.4,16.0,26.7,31.3,68.7,91,291,50.7,1088,79.8,7.8,207,1357,500,2144,84.0,119,743,49.3,1056,43.5,933,20.3,48.2,34.6,35.7,29.7,387,57.8,32.8,127,33.3,129,27.9,108,5.9,23,,,,,,,,,,,,,532,81,201,205,0,3,121,742,315,0,437,20,128,13,0,0,6,30,27,387,72,1,102,97,34,22,0,1,0,5,0,1,61,0,8,182,0,0,0,0,0,0,0,0,61,3,0,0,795,8,1349,182,2144,,0,1,0,0,,,,,,,,,,,,,,,,,,,,,,,,,,,,,,,,,4.86,25.0
"Verdugo, Alex",657077,2022,2022,26,593,644,166,115,39,1,11,86,42,13.4,6.5,.280,.405,.328,0.733,0.125,.309,.278,.428,.319,.329,.327,.151,.342,.353,.324,.323,.002,-0.023,-0.010,89.1,8.4,37.8,31,6.0,7.6,27.3,22.8,33.9,2.3,38.2,99.112574241,93.706486823,64.0,9.6,24.9,32.0,68.0,95,297,48.0,1194,75.5,7.7,427,1430,533,2490,90.4,80,830,52.0,1296,44.2,1101,15.5,45.3,30.4,41.5,28.1,513,59.8,46.2,237,23.0,118,26.5,136,4.3,22,,,,,,,,,,,,,644,74,280,240,3,1,166,841,468,0,439,17,152,14,0,1,3,54,27,513,84,1,91,183,49,21,0,2,0,2,1,0,2,0,6,140,3,0,0,0,0,0,0,1,75,1,0,0,895,6,1595,140,2490,,1,4,1,0,,,,,,,,,,,-4,3,32,9.4,1,6,16.7,8,17,47.1,25,88.0,22,93.8,30,32,0.3,-0.6,-0.3,-0.6,31.7,,4.38,26.8
"Rodríguez, Julio",677594,2022,2022,21,511,560,145,89,25,3,28,145,40,25.9,7.1,.284,.509,.345,0.854,0.225,.345,.254,.460,.366,.337,.319,.206,.471,.428,.395,.356,.030,.049,.029,92,10.1,32.7,48,13.1,8.4,19.3,19.1,36.5,2.5,50.7,103.718795769,96.379006446,70.5,19.9,33.5,48.6,51.4,186,383,54.9,1144,78.2,6.4,233,1052,635,2084,80.1,132,663,45.1,940,43.9,915,30.4,50.2,39.2,37.6,23.2,367,65.1,46.3,170,24.0,88,22.3,82,7.4,27,,,,,,,,,,,,,560,75,185,260,7,25,111,671,305,0,361,16,132,7,0,4,8,58,38,367,49,0,50,112,31,26,0,4,0,3,0,1,1,0,1,289,6,1,0,2,0,2,1,0,84,25,0,0,733,1,1351,289,2084,,3,7,0,0,,,,,,,,,,,8,4,14,28.6,2,3,66.7,4,6,66.7,29,93.1,27,94.7,18,19,-0.3,0.3,0.1,0,34,74,4.24,29.7
"Arenado, Nolan",571448,2022,2022,31,557,620,163,90,42,1,30,72,52,11.6,8.4,.293,.533,.358,0.891,0.240,.290,.266,.445,.381,.339,.335,.180,.401,.349,.333,.304,.027,.088,.042,88.8,21.7,35.4,40,8.2,7.8,23.5,36.4,21.5,2.2,38.9,99.558566721,93.952810862,66.9,11.7,32.6,31.9,68.1,131,411,54.0,1259,70.6,6.6,206,1274,722,2330,88.3,84,716,46.0,1071,41.0,956,19.1,48.4,45.2,34.8,20.0,489,61.3,30.5,149,29.0,142,26.2,128,14.3,70,,,,,,,,,,,,,620,103,251,297,3,5,155,774,362,0,423,16,148,15,0,4,7,42,44,489,76,1,98,107,51,69,0,3,0,9,0,0,17,0,4,184,3,0,0,1,0,0,0,0,73,5,0,0,841,4,1489,184,2330,,0,1,0,0,,,,,,,,,,,,,,,,,,,,,,,,,,,,,,,,,4.71,25.5
"Marte, Ketel",606466,2022,2022,28,492,558,118,62,42,2,12,101,55,18.1,9.9,.240,.407,.321,0.728,0.167,.276,.251,.377,.317,.315,.333,.126,.343,.341,.298,.315,-0.011,.030,.002,90.1,13.5,31.6,24,6.1,5.8,28.0,27.3,29.5,3.0,41.9,101.202754619,94.845027056,65.7,16.3,28.1,30.1,69.6,95,316,52.1,1125,76.4,6.5,417,1085,581,2159,83.4,111,679,47.9,1034,43.8,946,20.7,46.1,42.7,35.6,21.7,396,59.7,43.2,171,25.3,100,24.5,97,7.1,28,,,,,,,,,,,,,558,52,192,200,1,5,100,757,346,0,390,19,137,12,0,3,6,41,20,396,54,3,80,130,41,25,0,3,0,2,0,1,37,0,5,171,1,0,0,2,0,0,0,0,68,2,3,0,818,5,1341,171,2159,,0,0,1,0,,,,,,,,,,,,,,,,,,,,,,,,,,,,,,,,1,4.46,27.0
"Hernández, César",514917,2022,2022,32,560,617,139,106,28,4,1,114,45,18.5,7.3,.248,.318,.311,0.629,0.070,.309,.248,.329,.283,.290,.312,.081,.307,.317,.310,.312,.000,-0.011,-0.007,84.8,9.3,33.3,11,2.4,4.9,26.6,23.9,33.5,8.0,29.7,96.449267051,92.257329931,68.7,13.7,25.9,40.6,58.1,123,303,49.5,1172,78.4,7.1,429,1437,467,2368,84.9,113,822,50.5,1196,45.0,1065,21.0,47.5,32.8,35.5,31.7,451,64.7,48.6,219,19.3,87,26.4,119,5.8,26,,,,,,,,,,,,,617,34,185,178,4,10,104,826,371,0,423,18,147,9,0,0,7,62,13,451,64,0,74,157,55,26,0,0,0,1,1,1,0,3,2,201,4,0,0,0,0,3,0,0,64,10,0,0,872,5,1496,201,2368,,3,2,0,0,,,,,,,,,,,1,0,0,,0,0,,0,0,,2,100.0,2,100.0,3,3,,,,,,19,4.26,28.3
"Santander, Anthony",623993,2022,2022,27,574,647,138,81,24,0,33,122,55,18.9,8.5,.240,.455,.318,0.773,0.215,.248,.257,.471,.336,.352,.335,.214,.373,.395,.302,.325,-0.017,-0.016,-0.016,90.1,21.4,33.5,53,11.6,8.1,21.7,31.9,23.0,3.7,43.3,101.330998114,94.979132939,65.5,14.0,32.5,34.4,65.6,157,457,53.8,1406,70.7,6.9,505,1473,554,2618,86.0,111,792,46.2,1209,43.1,1128,21.5,47.7,43.1,35.7,21.2,457,59.8,32.2,147,28.7,131,23.4,107,15.8,72,,,,,,,,,,,,,647,89,271,261,2,0,146,868,437,0,524,22,152,14,0,1,13,29,39,457,69,1,92,118,36,71,0,1,0,5,0,0,34,0,5,228,2,0,0,2,0,1,0,0,78,0,0,0,932,5,1686,228,2618,,1,3,2,0,,,,,,,,,,,-4,0,25,0.0,1,4,25.0,6,12,50.0,16,75.0,12,90.0,18,20,-0.8,-0.7,0.7,-0.8,31.8,,4.66,26.6
"Cron, C.J.",543068,2022,2022,32,575,632,148,88,28,3,29,164,43,25.9,6.8,.257,.468,.315,0.783,0.211,.307,.243,.435,.335,.320,.305,.192,.428,.406,.356,.340,.014,.033,.015,88.7,14.2,36.8,45,10.8,5.5,24.3,26.7,28.4,4.1,42.3,101.410198894,94.867484771,62.9,16.0,33.2,39.3,60.5,167,425,51.2,1279,76.4,7.8,250,1518,614,2500,84.0,123,768,48.8,1221,45.3,1132,24.3,47.7,33.7,40.6,25.7,416,61.8,39.2,163,27.9,116,26.0,108,7.0,29,,,,,,,,,,,,,632,102,268,269,0,0,152,813,439,1,486,20,150,16,0,3,8,39,41,417,68,0,75,124,38,29,0,6,0,4,0,0,28,0,5,250,0,0,0,2,0,0,0,0,79,0,0,0,868,5,1632,250,2500,,0,3,0,1,,,,,,,,,,,,,,,,,,,,,,,,,,,,,,,,,4.84,25.2
"Pollock, AJ",572041,2022,2022,34,489,527,120,79,26,1,14,98,32,18.6,6.1,.245,.389,.292,0.681,0.144,.278,.258,.419,.297,.317,.305,.161,.337,.364,.304,.321,-0.013,-0.030,-0.020,88.8,11.6,32.9,37,9.4,5.8,23.0,23.3,33.4,4.8,42.0,100.414319188,94.34853632,74.1,15.2,34.0,44.4,55.6,142,320,51.2,941,80.7,7.6,210,935,546,1837,84.8,101,664,48.8,896,42.1,774,24.7,53.6,40.8,35.7,23.5,395,63.2,45.3,179,22.0,87,23.0,91,9.6,38,,,,,,,,,,,,,527,56,226,190,1,3,126,568,235,0,346,27,138,13,0,1,2,39,22,395,59,0,65,140,31,37,0,0,0,2,5,0,0,0,4,201,1,0,0,0,0,0,0,0,61,2,1,0,618,4,1219,201,1837,,0,3,0,0,,,,,,,,,,,-1,2,20,10.0,5,12,41.7,6,9,66.7,18,77.8,14,80.0,12,15,-0.9,0,0.2,-0.7,32.1,1,4.42,27.8
